-- phpMyAdmin SQL Dump
-- version 4.9.1
-- https://www.phpmyadmin.net/
--
-- 主機： localhost
-- 產生時間： 
-- 伺服器版本： 8.0.17
-- PHP 版本： 7.3.10

SET SQL_MODE = "NO_AUTO_VALUE_ON_ZERO";
SET AUTOCOMMIT = 0;
START TRANSACTION;
SET time_zone = "+00:00";


/*!40101 SET @OLD_CHARACTER_SET_CLIENT=@@CHARACTER_SET_CLIENT */;
/*!40101 SET @OLD_CHARACTER_SET_RESULTS=@@CHARACTER_SET_RESULTS */;
/*!40101 SET @OLD_COLLATION_CONNECTION=@@COLLATION_CONNECTION */;
/*!40101 SET NAMES utf8mb4 */;

--
-- 資料庫： `ex-09原始資料庫`
--

-- --------------------------------------------------------

--
-- 資料表結構 `客戶`
--

CREATE TABLE `客戶` (
  `客戶編號` varchar(5) NOT NULL,
  `公司名稱` varchar(24) DEFAULT NULL,
  `身份證字號` varchar(10) DEFAULT NULL,
  `連絡人` varchar(4) DEFAULT NULL,
  `地址` varchar(32) DEFAULT NULL,
  `電話` varchar(12) DEFAULT NULL,
  `傳真` varchar(12) DEFAULT NULL,
  `備註` varchar(20) DEFAULT NULL,
  `多媒體物件` varchar(10) DEFAULT NULL
) ENGINE=InnoDB DEFAULT CHARSET=utf8;

--
-- 傾印資料表的資料 `客戶`
--

INSERT INTO `客戶` (`客戶編號`, `公司名稱`, `身份證字號`, `連絡人`, `地址`, `電話`, `傳真`, `備註`, `多媒體物件`) VALUES
('A4189', '學誠股份有限公司', 'A981364189', '吳文明', '台北縣板橋市天津路463-1號1樓', '(02)952-3820', '(02)952-8304', '', ''),
('A5654', '新詮貿易', 'A495755654', '王淑琳', '桃園縣大園鄉崇德路331-2號4樓', '(03)386-3601', '(03)386-6301', '', ''),
('B1540', '紅川留學中心', 'B239521540', '陳志德', '台中縣清水鎮復興路188-9號7樓', '(04)647-4882', '(04)647-8480', '專精留美,加\r\n專辦高中留學\r\n免托福', ''),
('B3629', '百鳴電子', 'B112043629', '揚國斌', '雲林縣斗六市文心路465號1樓', '(05)504-4124', '(05)504-1475', 'LCD\r\n8051\r\nLinear IC', ''),
('B8519', '千力開發公司', 'B185028519', '黃朝盛', '桃園縣大園鄉仁愛路15-4號9樓', '(03)386-8550', '(03)386-5861', '大型機械\r\n堆高機', ''),
('C0330', '大星開發公司', 'C446970330', '白章忠', '苗栗縣竹南鎮信義路305-6號6樓', '(37)003-5175', '(037)63-1568', '停車場設計', ''),
('C0724', '三海科技', 'C948850724', '鄭天祥', '苗栗縣竹南鎮民權路202號3樓', '(37)830-6850', '(037)83-8682', '資料庫', ''),
('C9538', '鑫南電子公司', 'C581239538', '金天德', '彰化縣田中鎮信義路393號', '(04)874-1268', '(04)874-2135', '電阻,電容', ''),
('D4797', '喻國精密工業', 'D852214797', '陳識水', '台中縣烏日鄉文心路308號3樓', '(04)022-1441', '(04)022-4177', '精密研磨\r\n真空電鍍', ''),
('D5365', '山頂企業', 'D331245365', '鄭偉杰', '彰化縣北斗鎮忠孝路489號4樓', '(04)888-6764', '(04)888-7661', '', ''),
('E0163', '正達科技', 'E733850163', '楊宏仁', '台北縣新店市北平路165號8樓', '(02)912-5157', '(02)912-1524', '', ''),
('E0322', '皓打保險', 'E367970322', '侯造昇', '台北縣中和市信義路352號8樓', '(02)922-0260', '(02)922-2050', '', ''),
('E1214', '東永人壽', 'E679811214', '鄭彰修', '台北縣板橋市中山路306-1號4樓', '(02)957-3175', '(02)957-1360', '', ''),
('E2210', '國洲貿易', 'E721522210', '陳德展', '台中縣太平鄉中山路32號6樓', '(04)374-5211', '(04)374-2505', '', ''),
('E6984', '資國開發公司', 'E470286984', '劉宏展', '台中縣烏日鄉和平路444-6號1樓', '(04)607-6621', '(04)607-6626', '', ''),
('F1223', '', '', '', '', '', '', '', ''),
('F2672', '康巨公司', 'F552362672', '潘宏忠', '彰化縣田中鎮民生路441-4號4樓', '(04)874-7565', '(04)874-5771', '', ''),
('F7486', '志毅貿易', 'F955867486', '范重賓', '桃園縣大園鄉中山路494-9號6樓', '(03)386-3215', '(03)386-2363', '', ''),
('G0025', '協業機械公司', 'G250390025', '趙俊修', '台北縣新店市信義路66-4號2樓', '(02)911-2131', '(02)911-1253', '', ''),
('G0920', '合福工業', 'G860610920', '侯至修', '新竹市中山路32號2樓', '(035)85-7621', '(035)85-6732', '', ''),
('G5743', '福利電子', 'G397265743', '廖基德', '台北市北平路323-7號2樓', '(02)080-1842', '(02)080-8104', '', ''),
('G6697', '頂國貿易公司', 'G475926697', '趙文祥', '台中縣沙鹿鎮忠孝路312-8號2樓', '(04)635-5678', '(04)635-6510', '', ''),
('G6894', '二鄰開發公司', 'G598256894', '曾明德', '台中縣大里市仁愛路291號7樓', '(04)378-3382', '(04)378-3333', '', ''),
('G9033', '大格精密工業', 'G235019033', '吳梆雄', '台中縣大雅鄉和平路106-4號4樓', '(04)583-1533', '(04)583-5148', '', ''),
('G9239', '洪榮食品', 'G210229239', '孫朝興', '台北縣板橋市北平路72號6樓', '(02)953-5452', '(02)953-4558', '', ''),
('G9484', '威林廣兌', 'G661149484', '賴哲修', '雲林縣斗六市和平路493-9號', '(05)517-8822', '(05)517-8822', '', ''),
('H2186', '山中科技', 'H255372186', '唐彰斌', '彰化縣北斗鎮復興路270號8樓', '(04)888-3178', '(04)888-1374', '', ''),
('H4930', '宇遠廣兌', 'H622634930', '侯明展', '台中縣烏日鄉文心路110號5樓', '(04)600-8582', '(04)600-5811', '', ''),
('H6283', '第森英語', 'H839436283', '唐崇崧', '台中縣烏日鄉松江路482號', '(04)100-4082', '(04)100-0482', '', ''),
('H9976', '萬眾銀行', 'H920359976', '趙章興', '台中縣清水鎮五權路280號', '(04)611-7626', '(04)611-6732', '', ''),
('I2192', '春攝股份有限公司', 'I278812192', '金釗星', '桃園縣大園鄉文心路304號4樓', '(03)386-2657', '(03)386-6280', '', ''),
('I8268', '棕國科技企業', 'I914898268', '葉志安', '台北縣三重市民族路75號5樓', '(02)976-7351', '(02)976-3723', '', ''),
('I8269', '東增旅行社', 'I787718269', '唐俊政', '彰化縣鹿港鎮北平路349-2號4樓', '(04)777-6158', '(04)777-1645', '', ''),
('I9163', '敦鈺資訊股份有限公司', 'I478939163', '高玉貞', '台北縣三重市文心路31號7樓', '(02)974-8806', '(02)974-8832', '', ''),
('J5245', '凱旋公司', 'J467735245', '白添德', '彰化縣北斗鎮天津路38號3樓', '(04)888-1831', '(04)888-8107', '', ''),
('J5331', '陽台實業', 'J399355331', '黃昆燦', '台中縣沙鹿鎮民族路102-1號9樓', '(04)635-6552', '(04)635-5627', '', ''),
('K0239', '五義保險', 'K653770239', '簡慧琦', '桃園縣大園鄉仁愛路263-4號7樓', '(03)386-1168', '(03)386-1168', '', ''),
('K0691', '興人建設', 'K714260691', '范永達', '台中縣清水鎮中山路292號8樓', '(04)662-3456', '(04)662-4356', '', ''),
('K0776', '嘉陽事業', 'K429870776', '徐釗隆', '台北市永和市五權路154號7樓', '(02)921-2125', '(02)921-1288', '', ''),
('K4318', '泰台股份有限公司', 'K787844318', '唐世隆', '彰化縣員林鎮四維路493號3樓', '(04)861-0321', '(04)861-3048', '', ''),
('K4830', '仲大電機', 'K155384830', '侯偉逢', '台北市三民路473號', '(02)658-4223', '(02)658-2463', '', ''),
('K6746', '和多五金行', 'K794816746', '曾鴻鑑', '彰化縣鹿港鎮信義路187號8樓', '(04)777-7704', '(04)777-7708', '', ''),
('K7620', '昇奏企管', 'K134957620', '張國正', '台北縣三重市八德路184號1樓', '(02)977-0873', '(02)977-8082', '', ''),
('K8343', '師中五金行', 'K111858343', '許銘達', '雲林縣斗六市天津路134-10號4樓', '(05)508-3531', '(05)508-5321', '', ''),
('L4661', '瑞捷貿易', 'L140444661', '蘇彰仁', '新竹市三民路326-2號5樓', '(035)87-4384', '(035)87-3468', '', ''),
('L8096', '茶南電子', 'L575428096', '蕭方達', '台北縣新店市和平路380號2樓', '(02)911-0260', '(02)911-2056', '', ''),
('L9381', '一天建設', 'L392589381', '張基全', '台北縣中和市松江路137-5號9樓', '(02)923-5157', '(02)923-1557', '', ''),
('M4457', '協立銀行', 'M466144457', '鄭基能', '苗栗縣竹南鎮中興路304-6號7樓', '(37)672-5536', '(037)67-5504', '', ''),
('M4778', '邁二藝品', 'M868624778', '蕭肇強', '彰化縣田中鎮民族路487-6號4樓', '(04)874-7081', '(04)874-0772', '', ''),
('M5477', '大固建設', 'M883735477', '黃昆逢', '彰化縣碑頭鄉文心路39號1樓', '(04)892-1018', '(04)892-0115', '', ''),
('N4533', '富化貿易', 'N456634533', '趙有晉', '彰化縣鹿港鎮松江路23-2號1樓', '(04)777-7188', '(04)777-1726', '', ''),
('N7982', '路元國際顧問公司', 'N279617982', '錢俊隆', '台中市中興路145號2樓', '(04)050-5834', '(04)050-8534', '', ''),
('O0502', '美堂系統', 'O458640502', '許宏信', '台北市和平路471號', '(02)338-5665', '(02)338-6507', '', ''),
('O6176', '德格科技', 'O521846176', '陳德聰', '苗栗縣竹南鎮忠孝路71號7樓', '(37)427-6165', '(037)47-1665', '', ''),
('O7588', '南春系統', 'O258267588', '范永江', '台中縣大雅鄉忠孝路312號3樓', '(04)552-5283', '(04)552-2581', '', ''),
('O8518', '世光貿易', 'O596898518', '孫重全', '台北市永和市五權路476號8樓', '(02)922-6628', '(02)922-6638', '', ''),
('P0515', '漢碩廣兌', 'P637240515', '林世傑', '台中縣太平鄉民生路385號4樓', '(04)538-7025', '(04)538-0781', '', ''),
('P0887', '業作房屋', 'P366280887', '楊重傑', '台北市中正路418號2樓', '(02)258-5565', '(02)258-5550', '', ''),
('P1323', '台航國際顧問公司', 'P915471323', '李裕光', '台中縣大里市崇德路384-3號8樓', '(04)035-2478', '(04)035-4261', '', ''),
('P1539', '悅花股份有限公司', 'P142631539', '吳俊晉', '苗栗縣竹南鎮三民路181-5號8樓', '(37)081-7647', '(037)81-6721', '', ''),
('P4064', '椅上製衣股份有限公司', 'P167334064', '賴德安', '雲林縣斗六市民族路315-2號8樓', '(05)543-6854', '(05)543-8682', '', ''),
('P4638', '幸國科技', 'P352534638', '鄭勤達', '苗栗縣竹南鎮和平路161號5樓', '(37)132-8325', '(037)32-3875', '', ''),
('P7646', '雅仁貿易', 'P138747646', '揚嘉麟', '台中縣清水鎮民族路123-10號7樓', '(04)654-5102', '(04)654-1588', '', ''),
('P9537', '坦福股份有限公司', 'P324729537', '何志修', '彰化縣田中鎮崇德路446號6樓', '(04)874-0067', '(04)874-0057', '', ''),
('Q0419', '嗨鬙五金行', 'Q669540419', '黃永斌', '彰化縣員林鎮民族路126-7號9樓', '(04)870-1661', '(04)870-6103', '', ''),
('Q3640', '賜央海補班', 'Q486643640', '唐有芳', '台北縣基隆市和平路210-10號5樓', '(02)422-8154', '(02)422-1808', '', ''),
('Q6048', '凱永保險', 'Q922296048', '陳國能', '台中縣太平鄉五權路21號6樓', '(04)214-3105', '(04)214-1353', '', ''),
('Q7584', '小安工業', 'Q629387584', '柯英政', '台中縣大雅鄉民族路32號6樓', '(04)528-7383', '(04)528-3783', '', ''),
('R3407', '祥波系統', 'R961413407', '楊宏平', '台中縣沙鹿鎮松江路170號8樓', '(04)635-8103', '(04)635-1801', '', ''),
('R5377', '琴山科技', 'R372215377', '楊俊卿', '台中縣大雅鄉信義路230號5樓', '(04)505-7537', '(04)505-5726', '', ''),
('R8826', '中信機械公司', 'R838588826', '趙梆賓', '台中縣大里市北平路437-1號8樓', '(04)125-2577', '(04)125-5214', '', ''),
('R9222', '萬同電機', 'R129269222', '葉玟玟', '台中縣大雅鄉民族路314-10號7樓', '(04)513-6640', '(04)513-6657', '', ''),
('S4488', '信欣資源', 'S196464488', '賴明逢', '彰化縣北斗鎮五權路104-7號6樓', '(04)888-2407', '(04)888-4255', '', ''),
('T1260', '灣華英語', 'T599431260', '林壬煌', '雲林縣西螺鎮仁愛路456號3樓', '(05)586-0304', '(05)586-3024', '', ''),
('T3948', '三大國際顧問公司', 'T872783948', '蘇德鑑', '雲林縣西螺鎮北平路415-3號1樓', '(05)586-8715', '(05)586-7882', '', ''),
('T7874', '漢典大企業', 'T619417874', '孫昆勝', '台中縣大里市三民路144-8號5樓', '(04)815-1084', '(04)815-0145', '', ''),
('U1243', '伸美文化事業', 'U526741243', '張虹卿', '苗栗縣竹南鎮忠孝路209-1號2樓', '(37)605-7882', '(037)62-8724', '', ''),
('U8476', '加邦人壽', 'U329578476', '廖釗雄', '台中縣大雅鄉中山路2-4號4樓', '(04)544-3228', '(04)544-2322', '', ''),
('V4250', '就河海補班', 'V241834250', '李宗全', '台中縣沙鹿鎮崇德路427號8樓', '(04)635-7736', '(04)635-7770', '', ''),
('W1012', '高郼企管', 'W982521012', '白鴻平', '台北縣三重市仁愛路480-9號3樓', '(02)977-4215', '(02)977-2415', '', ''),
('W3694', '百昌資訊', 'W855253694', '陳明生', '彰化縣鹿港鎮和平路438-7號8樓', '(04)777-2630', '(04)777-6282', '', ''),
('W3906', '池金英語', 'W337713906', '劉彰水', '台北縣基隆市信義路61號6樓', '(02)422-8075', '(02)422-0825', '', ''),
('W5189', '艾帝電機', 'W651955189', '賴彰能', '彰化縣田中鎮中興路331-5號1樓', '(04)874-4344', '(04)874-3438', '', ''),
('W5762', '亞東補習班', 'W236245762', '賴宏隆', '桃園縣大園鄉忠孝路44號7樓', '(03)386-7373', '(03)386-3786', '', ''),
('W6333', '東日海補班', 'W875066333', '張釗能', '雲林縣斗六市中正路266-4號6樓', '(05)545-3466', '(05)545-4388', '', ''),
('X5031', '漢音國際顧問公司', 'X893475031', '蘇宏旺', '苗栗縣竹南鎮松江路264號9樓', '(37)577-3528', '(037)57-5363', '', ''),
('X5962', '霸遠旅行社', 'X115685962', '陳天麟', '雲林縣斗六市復興路438號7樓', '(05)505-3582', '(05)505-5380', '', ''),
('Y0176', '永太材料', 'Y865310176', '吳重育', '台北市永和市四維路442-2號', '(02)923-7085', '(02)923-0785', '', ''),
('Y1191', '蘭海英語', 'Y966721191', '趙哲華', '台北市中山路188-6號9樓', '(02)817-1208', '(02)817-2175', '', ''),
('Y2347', '宇華系統', 'Y290762347', '侯大修', '桃園縣大園鄉復興路319-7號5樓', '(03)386-4400', '(03)386-4471', '', ''),
('Y2974', '中德貿易', 'Y615762974', '楊俊傑', '台中市民族路333-3號6樓', '(04)403-2656', '(04)403-6256', '', ''),
('Y4492', '山芳資訊', 'Y234654492', '徐永昇', '台中縣大雅鄉文心路229-9號2樓', '(04)531-8422', '(04)531-4822', '', ''),
('Y5327', '仲林人力公司', 'Y560105327', '曾志緯', '台北市永和市忠孝路40號6樓', '(02)927-2185', '(02)927-1275', '', ''),
('Y6649', '建天企業', 'Y269096649', '張鴻逢', '台北縣中和市三民路97-4號5樓', '(02)927-5408', '(02)927-4555', '', ''),
('Z0375', '保昕人壽', 'Z327240375', '蕭亞萍', '台北市永和市復興路144-9號4樓', '(02)924-4706', '(02)924-7406', '', ''),
('Z0825', '上棧企業', 'Z886560825', '賴景逢', '台北縣三重市民族路436-9號', '(02)971-4673', '(02)971-6423', '', ''),
('Z1284', '廣祥貿易公司', 'Z122011284', '孫曉梅', '台北市永和市中山路17-10號9樓', '(02)927-6278', '(02)927-2665', '', ''),
('Z1391', '琴華五金行', 'Z312941391', '高偉興', '雲林縣斗六市中興路387-3號1樓', '(05)523-0000', '(05)523-0000', '', ''),
('Z4511', '中上資訊股份有限公司', 'Z518554511', '張俊水', '台中縣大雅鄉文心路335-6號3樓', '(04)530-6182', '(04)530-1638', '', ''),
('Z8611', '升格有限公司', 'Z492178611', '廖國杰', '台北縣板橋市崇德路452號', '(02)954-4385', '(02)954-3474', '', ''),
('Z9225', '立泰系統', 'Z662479225', '王景德', '台北市復興路359-9號3樓', '(02)525-3883', '(02)525-8347', '', '');

-- --------------------------------------------------------

--
-- 資料表結構 `產品`
--

CREATE TABLE `產品` (
  `編號` int(2) NOT NULL,
  `產品名稱` varchar(32) DEFAULT NULL,
  `類別` varchar(20) DEFAULT NULL,
  `單價` int(5) DEFAULT NULL
) ENGINE=InnoDB DEFAULT CHARSET=utf8;

--
-- 傾印資料表的資料 `產品`
--

INSERT INTO `產品` (`編號`, `產品名稱`, `類別`, `單價`) VALUES
(1, 'Microsoft Office 中文版', 'Office', 23000),
(2, 'Microsoft Office 英文版', 'Office', 21000),
(3, 'Microsoft Access 中文版', 'Office', 6000),
(4, 'Microsoft Access 英文版', 'Office', 4500),
(5, 'Microsoft Word 中文版', 'Office', 6800),
(6, 'Microsoft Word 英文版', 'Office', 6000),
(7, 'Microsoft Excel 中文版', 'Office', 7200),
(8, 'Microsoft Excel 英文版', 'Office', 7000),
(9, 'Microsoft PowerPoint 中文版', 'Office', 6800),
(10, 'Microsoft PowerPoint 英文版', 'Office', 6000),
(11, 'Microsoft Project 中文版', 'Office', 8000),
(12, 'Microsoft Project 英文版', 'Office', 7500),
(13, 'Microsoft Works 中文版', 'Office', 18000),
(14, 'Microsoft Works 英文版', 'Office', 17000),
(15, 'Microsoft FrontPage', 'Office', 4500),
(16, 'Microsoft Visual Basic 中文版', 'Developer', 20000),
(17, 'Microsoft Visual Basic 英文版', 'Developer', 18000),
(18, 'Microsoft Visual FoxPro 中文版', 'Developer', 21000),
(19, 'Microsoft Visual FoxPro 英文版', 'Developer', 20000),
(20, 'Microsoft Visual C++', 'Developer', 32000),
(21, 'Visual J++', 'Developer', 25000),
(22, 'Visual Source Save', 'Developer', 18000),
(23, 'Close Combat', 'Games', 2400),
(24, 'Deadly Tide', 'Games', 3200),
(25, 'Fury 3', 'Games', 1800),
(26, 'GEX', 'Games', 2000),
(27, 'Golf', 'Games', 3000),
(28, 'Flight Simulator', 'Games', 3000),
(29, 'Hellbender', 'Games', 3200),
(30, 'Monster Truck Madness', 'Games', 2200),
(31, 'NBA Full Court Press', 'Games', 2700),
(32, 'Soccer', 'Games', 3200),
(33, 'Windows NT Server 中文版', 'BackOffice', 18000),
(34, 'Exchange Server 中文版', 'BackOffice', 15000),
(35, 'SQL Server', 'BackOffice', 12000),
(36, 'Internet Information Server', 'BackOffice', 15000),
(37, 'Microsoft Proxy Server', 'BackOffice', 18000),
(38, 'Microsoft SNA Server', 'BackOffice', 18000),
(39, 'Systems Management Server', 'BackOffice', 15000),
(40, 'Windows 95 中文版', 'Windows Family', 6000),
(41, 'Microsoft Plus 中文版', 'Windows Family', 2500),
(42, 'Windows NT Workstation 中文版', 'Windows Family', 8000),
(43, 'Windows NT Server 中文版', 'Windows Family', 15000),
(44, 'Internet Products', 'Windows Family', 4800),
(45, 'Internet Explorer 中文版', 'Windows Family', 3000);

-- --------------------------------------------------------

--
-- 資料表結構 `產品供應商清單`
--

CREATE TABLE `產品供應商清單` (
  `產品名稱` varchar(18) DEFAULT NULL,
  `公司名稱` varchar(6) DEFAULT NULL
) ENGINE=InnoDB DEFAULT CHARSET=utf8;

--
-- 傾印資料表的資料 `產品供應商清單`
--

INSERT INTO `產品供應商清單` (`產品名稱`, `公司名稱`) VALUES
('Pentium II 200 電腦', '敏捷企業'),
('Printer Cable', '敏捷企業'),
('MOUSE', '國昌公司'),
('PC 486-120', '國昌公司'),
('印表機 LX800', '正東資訊公司'),
('Pentium MMX-166 電腦', '正東資訊公司'),
('軟式磁碟機', '正東資訊公司'),
('印表機 LQ1000C', '神益科技'),
('螢幕', '尚吉國際'),
('磁碟片 2HD 1.44MB', '元晶電子'),
('Pentium II 233 電腦', '強元實業'),
('PC486-150', '強元實業'),
('鍵盤', '建德科技'),
('磁碟片 2HD 1.2MB', '數巨電腦'),
('Pentium MMX-200 電腦', '數巨電腦');

-- --------------------------------------------------------

--
-- 資料表結構 `產品供應商清單1`
--

CREATE TABLE `產品供應商清單1` (
  `產品名稱` varchar(18) DEFAULT NULL,
  `公司名稱` varchar(4) DEFAULT NULL
) ENGINE=InnoDB DEFAULT CHARSET=utf8;

--
-- 傾印資料表的資料 `產品供應商清單1`
--

INSERT INTO `產品供應商清單1` (`產品名稱`, `公司名稱`) VALUES
('鍵盤', '位元企業'),
('液晶螢幕 17吋', '位元企業'),
('Pentium III 600 電腦', '位元公司');

-- --------------------------------------------------------

--
-- 資料表結構 `產品供應商清單1 bk`
--

CREATE TABLE `產品供應商清單1 bk` (
  `產品名稱` varchar(18) DEFAULT NULL,
  `公司名稱` varchar(4) DEFAULT NULL
) ENGINE=InnoDB DEFAULT CHARSET=utf8;

--
-- 傾印資料表的資料 `產品供應商清單1 bk`
--

INSERT INTO `產品供應商清單1 bk` (`產品名稱`, `公司名稱`) VALUES
('鍵盤', '位元企業'),
('液晶螢幕 17吋', '位元企業'),
('Pentium III 600 電腦', '位元公司');

-- --------------------------------------------------------

--
-- 資料表結構 `產品資料`
--

CREATE TABLE `產品資料` (
  `產品編號` varchar(4) DEFAULT NULL,
  `產品名稱` varchar(18) DEFAULT NULL,
  `供應商編號` varchar(5) DEFAULT NULL,
  `單位` varchar(1) DEFAULT NULL,
  `單價` int(5) DEFAULT NULL,
  `庫存量` int(2) DEFAULT NULL,
  `不再銷售` int(1) DEFAULT NULL
) ENGINE=InnoDB DEFAULT CHARSET=utf8;

--
-- 傾印資料表的資料 `產品資料`
--

INSERT INTO `產品資料` (`產品編號`, `產品名稱`, `供應商編號`, `單位`, `單價`, `庫存量`, `不再銷售`) VALUES
('A101', 'Pentium II 233 電腦', 'D1003', '套', 65000, 25, 0),
('A102', 'PC486-150', 'D1003', '套', 20000, 4, 1),
('A103', 'Pentium II 200 電腦', 'A1002', '套', 60000, 33, 0),
('A104', 'Printer Cable', 'A1002', '條', 300, 40, 0),
('A105', '印表機 LQ1000C', 'B1003', '台', 5600, 5, 1),
('A106', '鍵盤', 'E1009', '個', 300, 60, 0),
('A107', '印表機 LX800', 'B1001', '台', 4300, 35, 0),
('A108', '磁碟片 2HD 1.2MB', 'F1004', '盒', 200, 55, 0),
('A109', 'Pentium MMX-200 電腦', 'F1004', '套', 45000, 44, 0),
('A110', '螢幕', 'C1003', '台', 8700, 26, 0),
('A111', 'Pentium MMX-166 電腦', 'B1001', '套', 40000, 40, 0),
('A112', '軟式磁碟機', 'B1001', '台', 850, 56, 0),
('A113', '磁碟片 2HD 1.44MB', 'C1008', '盒', 300, 60, 0),
('A114', 'MOUSE', 'A1005', '條', 500, 70, 0),
('A115', 'PC 486-120', 'A1005', '套', 18000, 7, 1);

-- --------------------------------------------------------

--
-- 資料表結構 `產品資料1`
--

CREATE TABLE `產品資料1` (
  `產品編號` varchar(4) DEFAULT NULL,
  `產品名稱` varchar(18) DEFAULT NULL,
  `供應商編號` varchar(5) DEFAULT NULL,
  `單位` varchar(1) DEFAULT NULL,
  `單價` int(5) DEFAULT NULL,
  `庫存量` int(2) DEFAULT NULL,
  `不再銷售` int(1) DEFAULT NULL
) ENGINE=InnoDB DEFAULT CHARSET=utf8;

--
-- 傾印資料表的資料 `產品資料1`
--

INSERT INTO `產品資料1` (`產品編號`, `產品名稱`, `供應商編號`, `單位`, `單價`, `庫存量`, `不再銷售`) VALUES
('A101', 'Pentium II 233 電腦', 'D1003', '套', 65000, 25, 0),
('A102', 'PC486-150', 'D1003', '套', 20000, 4, 1),
('A103', 'Pentium II 200 電腦', 'A1002', '套', 60000, 33, 0),
('A104', 'Printer Cable', 'A1002', '條', 300, 40, 0),
('A105', '印表機 LQ1000C', 'B1003', '台', 5600, 5, 1),
('A106', '鍵盤', 'E1009', '個', 300, 60, 0),
('A107', '印表機 LX800', 'B1001', '台', 4300, 35, 0),
('A108', '磁碟片 2HD 1.2MB', 'F1004', '盒', 200, 55, 0),
('A109', 'Pentium MMX-200 電腦', 'F1004', '套', 45000, 44, 0),
('A110', '螢幕', 'C1003', '台', 8700, 26, 0),
('A111', 'Pentium MMX-166 電腦', 'B1001', '套', 40000, 40, 0),
('A112', '軟式磁碟機', 'B1001', '台', 850, 56, 0),
('A113', '磁碟片 2HD 1.44MB', 'C1008', '盒', 300, 60, 0),
('A114', 'MOUSE', 'A1005', '條', 500, 70, 0),
('A115', 'PC 486-120', 'A1005', '套', 18000, 7, 1);

-- --------------------------------------------------------

--
-- 資料表結構 `細目列項`
--

CREATE TABLE `細目列項` (
  `編號` int(4) NOT NULL,
  `訂單編號` int(4) DEFAULT NULL,
  `產品編號` int(2) DEFAULT NULL,
  `數量` int(2) DEFAULT NULL
) ENGINE=InnoDB DEFAULT CHARSET=utf8;

--
-- 傾印資料表的資料 `細目列項`
--

INSERT INTO `細目列項` (`編號`, `訂單編號`, `產品編號`, `數量`) VALUES
(1, 689, 19, 7),
(2, 689, 4, 1),
(3, 689, 23, 6),
(4, 690, 24, 3),
(5, 690, 9, 3),
(6, 690, 43, 4),
(7, 690, 2, 1),
(8, 691, 45, 6),
(9, 691, 9, 6),
(10, 691, 18, 6),
(11, 691, 4, 2),
(12, 691, 37, 2),
(13, 691, 12, 8),
(14, 692, 21, 2),
(15, 692, 25, 3),
(16, 693, 9, 5),
(17, 693, 4, 9),
(18, 693, 19, 5),
(19, 693, 42, 5),
(20, 693, 11, 1),
(21, 694, 9, 5),
(22, 694, 27, 8),
(23, 694, 1, 4),
(24, 694, 22, 6),
(25, 694, 39, 8),
(26, 695, 41, 10),
(27, 695, 30, 9),
(28, 696, 45, 5),
(29, 696, 35, 3),
(30, 696, 20, 6),
(31, 696, 1, 5),
(32, 696, 6, 10),
(33, 696, 38, 8),
(34, 697, 25, 4),
(35, 697, 1, 5),
(36, 697, 40, 10),
(37, 697, 17, 6),
(38, 697, 43, 10),
(39, 697, 12, 5),
(40, 698, 19, 3),
(41, 698, 24, 6),
(42, 698, 10, 3),
(43, 698, 4, 8),
(44, 698, 23, 6),
(45, 699, 3, 5),
(46, 699, 9, 1),
(47, 699, 28, 4),
(48, 699, 44, 5),
(49, 699, 20, 6),
(50, 700, 36, 8),
(51, 700, 35, 7),
(52, 700, 40, 10),
(53, 700, 19, 6),
(54, 701, 4, 7),
(55, 701, 19, 2),
(56, 701, 33, 7),
(57, 702, 2, 7),
(58, 702, 18, 3),
(59, 702, 8, 8),
(60, 702, 11, 8),
(61, 702, 4, 7),
(62, 703, 44, 9),
(63, 703, 27, 8),
(64, 703, 37, 5),
(65, 704, 9, 1),
(66, 704, 45, 4),
(67, 704, 12, 2),
(68, 704, 2, 5),
(69, 704, 25, 6),
(70, 705, 29, 3),
(71, 706, 31, 1),
(72, 706, 29, 9),
(73, 706, 4, 2),
(74, 706, 20, 7),
(75, 706, 32, 8),
(76, 707, 29, 3),
(77, 707, 1, 9),
(78, 707, 19, 2),
(79, 707, 6, 9),
(80, 707, 10, 10),
(81, 707, 5, 10),
(82, 708, 20, 8),
(83, 708, 3, 1),
(84, 708, 33, 6),
(85, 708, 21, 6),
(86, 708, 24, 9),
(87, 708, 25, 2),
(88, 709, 36, 4),
(89, 709, 2, 10),
(90, 709, 21, 10),
(91, 709, 12, 6),
(92, 710, 18, 9),
(93, 710, 12, 5),
(94, 710, 15, 7),
(95, 710, 38, 2),
(96, 710, 39, 7),
(97, 711, 41, 3),
(98, 711, 1, 8),
(99, 712, 35, 5),
(100, 713, 3, 6),
(101, 714, 37, 8),
(102, 715, 2, 10),
(103, 715, 39, 6),
(104, 715, 6, 2),
(105, 715, 34, 9),
(106, 715, 35, 8),
(107, 715, 9, 3),
(108, 716, 19, 9),
(109, 717, 5, 6),
(110, 718, 6, 8),
(111, 718, 38, 7),
(112, 718, 37, 3),
(113, 718, 2, 6),
(114, 718, 20, 10),
(115, 719, 43, 7),
(116, 719, 6, 1),
(117, 720, 7, 9),
(118, 720, 2, 4),
(119, 720, 45, 2),
(120, 720, 19, 10),
(121, 720, 26, 6),
(122, 721, 2, 5),
(123, 721, 30, 8),
(124, 721, 12, 9),
(125, 721, 31, 10),
(126, 721, 3, 7),
(127, 722, 14, 4),
(128, 722, 42, 9),
(129, 722, 41, 5),
(130, 722, 16, 4),
(131, 723, 43, 5),
(132, 723, 36, 3),
(133, 723, 30, 4),
(134, 723, 34, 10),
(135, 724, 31, 6),
(136, 724, 22, 8),
(137, 724, 34, 9),
(138, 725, 4, 2),
(139, 725, 45, 1),
(140, 726, 39, 4),
(141, 726, 7, 5),
(142, 726, 43, 2),
(143, 727, 45, 7),
(144, 727, 18, 4),
(145, 727, 17, 9),
(146, 727, 25, 4),
(147, 727, 20, 7),
(148, 727, 8, 7),
(149, 728, 24, 1),
(150, 728, 28, 6),
(151, 729, 25, 4),
(152, 729, 43, 3),
(153, 729, 8, 4),
(154, 730, 6, 9),
(155, 730, 34, 8),
(156, 730, 32, 9),
(157, 731, 28, 6),
(158, 731, 4, 8),
(159, 732, 8, 7),
(160, 733, 33, 10),
(161, 733, 21, 6),
(162, 733, 18, 5),
(163, 733, 3, 6),
(164, 734, 20, 5),
(165, 734, 23, 2),
(166, 734, 16, 2),
(167, 734, 19, 1),
(168, 735, 27, 6),
(169, 735, 5, 10),
(170, 736, 36, 9),
(171, 736, 5, 6),
(172, 736, 34, 9),
(173, 736, 39, 9),
(174, 736, 38, 5),
(175, 737, 12, 7),
(176, 737, 37, 10),
(177, 737, 40, 2),
(178, 737, 26, 6),
(179, 738, 33, 7),
(180, 738, 22, 4),
(181, 739, 3, 10),
(182, 740, 22, 2),
(183, 740, 35, 7),
(184, 740, 26, 2),
(185, 740, 6, 8),
(186, 740, 19, 3),
(187, 740, 7, 7),
(188, 741, 41, 7),
(189, 741, 34, 10),
(190, 742, 30, 3),
(191, 742, 15, 6),
(192, 742, 26, 2),
(193, 742, 7, 6),
(194, 743, 13, 2),
(195, 743, 43, 8),
(196, 743, 10, 8),
(197, 744, 34, 7),
(198, 744, 32, 10),
(199, 744, 16, 10),
(200, 745, 43, 2),
(201, 745, 19, 7),
(202, 745, 8, 5),
(203, 745, 36, 9),
(204, 746, 15, 6),
(205, 746, 17, 1),
(206, 746, 7, 2),
(207, 746, 35, 6),
(208, 746, 6, 3),
(209, 746, 38, 1),
(210, 747, 43, 9),
(211, 748, 29, 10),
(212, 748, 6, 5),
(213, 748, 20, 4),
(214, 749, 25, 3),
(215, 749, 44, 1),
(216, 749, 16, 7),
(217, 750, 25, 3),
(218, 750, 4, 2),
(219, 750, 8, 8),
(220, 750, 14, 6),
(221, 750, 2, 9),
(222, 751, 33, 5),
(223, 751, 22, 7),
(224, 751, 11, 5),
(225, 751, 36, 10),
(226, 752, 16, 6),
(227, 752, 1, 4),
(228, 752, 34, 7),
(229, 752, 5, 7),
(230, 752, 4, 8),
(231, 753, 40, 8),
(232, 753, 24, 6),
(233, 753, 37, 10),
(234, 753, 6, 10),
(235, 753, 8, 10),
(236, 754, 19, 6),
(237, 754, 2, 2),
(238, 755, 28, 8),
(239, 755, 21, 6),
(240, 755, 16, 3),
(241, 756, 24, 8),
(242, 757, 41, 5),
(243, 757, 33, 4),
(244, 758, 30, 7),
(245, 758, 41, 8),
(246, 758, 38, 8),
(247, 758, 31, 3),
(248, 759, 15, 10),
(249, 759, 28, 10),
(250, 760, 27, 3),
(251, 760, 40, 6),
(252, 760, 2, 5),
(253, 760, 24, 7),
(254, 760, 38, 6),
(255, 760, 29, 8),
(256, 761, 31, 8),
(257, 761, 41, 2),
(258, 761, 33, 3),
(259, 761, 15, 9),
(260, 761, 17, 6),
(261, 761, 39, 6),
(262, 762, 32, 2),
(263, 762, 4, 1),
(264, 762, 9, 7),
(265, 763, 23, 7),
(266, 763, 9, 10),
(267, 763, 1, 6),
(268, 764, 25, 4),
(269, 764, 2, 2),
(270, 764, 26, 9),
(271, 765, 12, 10),
(272, 765, 15, 5),
(273, 765, 25, 10),
(274, 765, 35, 4),
(275, 765, 1, 5),
(276, 765, 28, 8),
(277, 766, 23, 4),
(278, 766, 11, 1),
(279, 766, 16, 10),
(280, 767, 39, 1),
(281, 767, 45, 9),
(282, 767, 25, 10),
(283, 768, 27, 10),
(284, 768, 36, 3),
(285, 768, 20, 9),
(286, 768, 19, 4),
(287, 768, 34, 10),
(288, 769, 15, 8),
(289, 769, 11, 6),
(290, 769, 35, 9),
(291, 770, 2, 4),
(292, 770, 41, 1),
(293, 771, 44, 7),
(294, 771, 31, 6),
(295, 772, 2, 9),
(296, 772, 32, 2),
(297, 773, 20, 2),
(298, 774, 33, 4),
(299, 775, 13, 3),
(300, 775, 38, 1),
(301, 775, 4, 1),
(302, 775, 42, 5),
(303, 775, 5, 1),
(304, 775, 6, 8),
(305, 776, 25, 4),
(306, 776, 10, 5),
(307, 776, 29, 9),
(308, 777, 33, 7),
(309, 777, 31, 4),
(310, 778, 31, 9),
(311, 779, 30, 3),
(312, 779, 23, 3),
(313, 779, 15, 5),
(314, 779, 39, 6),
(315, 779, 14, 2),
(316, 779, 11, 5),
(317, 780, 23, 5),
(318, 780, 42, 2),
(319, 780, 16, 7),
(320, 781, 6, 10),
(321, 781, 3, 7),
(322, 781, 28, 3),
(323, 781, 21, 2),
(324, 781, 4, 2),
(325, 782, 8, 10),
(326, 782, 31, 5),
(327, 782, 38, 1),
(328, 782, 20, 2),
(329, 782, 26, 9),
(330, 783, 29, 5),
(331, 783, 17, 6),
(332, 784, 41, 6),
(333, 784, 36, 6),
(334, 784, 30, 8),
(335, 784, 13, 5),
(336, 784, 3, 5),
(337, 785, 45, 1),
(338, 786, 28, 5),
(339, 787, 38, 1),
(340, 788, 41, 5),
(341, 788, 13, 2),
(342, 788, 19, 8),
(343, 788, 9, 8),
(344, 789, 9, 5),
(345, 789, 14, 3),
(346, 789, 35, 1),
(347, 789, 8, 8),
(348, 789, 37, 1),
(349, 790, 22, 10),
(350, 790, 24, 1),
(351, 790, 15, 9),
(352, 790, 39, 4),
(353, 790, 3, 5),
(354, 790, 20, 4),
(355, 791, 22, 2),
(356, 791, 38, 8),
(357, 791, 13, 8),
(358, 792, 15, 6),
(359, 792, 5, 1),
(360, 792, 41, 3),
(361, 792, 37, 4),
(362, 793, 8, 1),
(363, 793, 3, 7),
(364, 793, 12, 10),
(365, 793, 23, 9),
(366, 794, 2, 6),
(367, 794, 26, 8),
(368, 794, 6, 3),
(369, 794, 14, 4),
(370, 794, 29, 3),
(371, 795, 6, 3),
(372, 795, 33, 9),
(373, 796, 20, 6),
(374, 796, 36, 6),
(375, 796, 21, 2),
(376, 796, 31, 4),
(377, 796, 16, 9),
(378, 797, 43, 8),
(379, 797, 27, 10),
(380, 797, 34, 9),
(381, 797, 42, 10),
(382, 797, 16, 8),
(383, 798, 3, 3),
(384, 798, 44, 7),
(385, 798, 7, 5),
(386, 798, 17, 3),
(387, 798, 14, 8),
(388, 799, 38, 7),
(389, 800, 31, 7),
(390, 800, 37, 7),
(391, 800, 8, 10),
(392, 801, 37, 2),
(393, 801, 23, 1),
(394, 801, 31, 5),
(395, 802, 17, 8),
(396, 802, 14, 10),
(397, 803, 44, 7),
(398, 804, 2, 5),
(399, 805, 37, 6),
(400, 805, 2, 4),
(401, 806, 34, 8),
(402, 806, 21, 7),
(403, 806, 40, 5),
(404, 806, 10, 10),
(405, 806, 3, 1),
(406, 807, 15, 5),
(407, 807, 40, 4),
(408, 807, 3, 2),
(409, 807, 7, 7),
(410, 807, 38, 7),
(411, 808, 32, 8),
(412, 809, 32, 4),
(413, 810, 29, 2),
(414, 810, 10, 5),
(415, 811, 38, 4),
(416, 811, 40, 8),
(417, 811, 4, 5),
(418, 812, 2, 4),
(419, 812, 23, 8),
(420, 812, 39, 6),
(421, 813, 11, 2),
(422, 813, 6, 9),
(423, 813, 26, 5),
(424, 814, 11, 5),
(425, 814, 28, 5),
(426, 814, 36, 8),
(427, 815, 45, 6),
(428, 815, 34, 10),
(429, 815, 35, 9),
(430, 815, 19, 5),
(431, 816, 43, 5),
(432, 816, 38, 8),
(433, 816, 30, 4),
(434, 816, 34, 9),
(435, 817, 40, 3),
(436, 817, 43, 1),
(437, 817, 28, 4),
(438, 817, 29, 4),
(439, 817, 33, 4),
(440, 817, 14, 4),
(441, 818, 37, 6),
(442, 818, 29, 8),
(443, 818, 36, 3),
(444, 818, 8, 7),
(445, 818, 6, 6),
(446, 819, 32, 2),
(447, 819, 38, 10),
(448, 819, 35, 10),
(449, 820, 17, 9),
(450, 820, 23, 7),
(451, 820, 41, 6),
(452, 821, 14, 6),
(453, 821, 43, 3),
(454, 821, 28, 6),
(455, 821, 21, 6),
(456, 821, 27, 8),
(457, 821, 11, 10),
(458, 822, 39, 3),
(459, 822, 1, 4),
(460, 822, 37, 5),
(461, 822, 4, 4),
(462, 823, 28, 7),
(463, 823, 25, 9),
(464, 823, 24, 2),
(465, 823, 7, 1),
(466, 823, 45, 3),
(467, 824, 7, 10),
(468, 824, 8, 7),
(469, 825, 40, 3),
(470, 826, 6, 2),
(471, 826, 21, 3),
(472, 826, 9, 3),
(473, 827, 27, 7),
(474, 827, 22, 8),
(475, 827, 35, 2),
(476, 828, 12, 5),
(477, 828, 42, 6),
(478, 828, 38, 5),
(479, 828, 19, 6),
(480, 828, 16, 5),
(481, 828, 15, 3),
(482, 829, 12, 4),
(483, 829, 25, 6),
(484, 830, 16, 7),
(485, 830, 39, 10),
(486, 830, 10, 4),
(487, 831, 2, 8),
(488, 831, 34, 9),
(489, 831, 3, 1),
(490, 832, 44, 5),
(491, 832, 33, 8),
(492, 832, 28, 2),
(493, 833, 32, 3),
(494, 833, 33, 1),
(495, 833, 45, 1),
(496, 833, 3, 3),
(497, 833, 23, 7),
(498, 834, 27, 2),
(499, 834, 25, 4),
(500, 835, 21, 3),
(501, 835, 41, 6),
(502, 835, 34, 5),
(503, 835, 38, 2),
(504, 835, 44, 7),
(505, 835, 31, 4),
(506, 836, 19, 1),
(507, 836, 11, 9),
(508, 836, 3, 10),
(509, 836, 30, 9),
(510, 836, 44, 5),
(511, 837, 3, 2),
(512, 837, 42, 8),
(513, 837, 32, 3),
(514, 837, 33, 6),
(515, 837, 13, 3),
(516, 838, 14, 10),
(517, 838, 41, 5),
(518, 838, 36, 10),
(519, 838, 25, 3),
(520, 838, 30, 9),
(521, 838, 5, 10),
(522, 839, 11, 9),
(523, 839, 26, 4),
(524, 839, 40, 4),
(525, 840, 28, 2),
(526, 840, 33, 6),
(527, 840, 3, 6),
(528, 840, 9, 8),
(529, 840, 18, 2),
(530, 841, 41, 3),
(531, 842, 18, 3),
(532, 842, 10, 10),
(533, 842, 35, 6),
(534, 842, 5, 5),
(535, 843, 15, 9),
(536, 843, 21, 5),
(537, 844, 40, 1),
(538, 844, 24, 8),
(539, 844, 12, 10),
(540, 844, 5, 9),
(541, 844, 34, 3),
(542, 845, 28, 2),
(543, 845, 5, 3),
(544, 846, 40, 4),
(545, 846, 34, 7),
(546, 846, 23, 2),
(547, 847, 4, 10),
(548, 848, 12, 10),
(549, 849, 24, 10),
(550, 849, 31, 4),
(551, 849, 42, 10),
(552, 849, 2, 3),
(553, 849, 38, 6),
(554, 849, 10, 8),
(555, 850, 25, 7),
(556, 850, 16, 1),
(557, 850, 34, 9),
(558, 850, 36, 2),
(559, 850, 3, 5),
(560, 851, 22, 8),
(561, 851, 40, 9),
(562, 851, 35, 4),
(563, 852, 36, 6),
(564, 853, 37, 2),
(565, 853, 14, 8),
(566, 853, 30, 4),
(567, 853, 21, 5),
(568, 853, 2, 3),
(569, 854, 30, 2),
(570, 854, 20, 10),
(571, 855, 30, 5),
(572, 855, 41, 8),
(573, 855, 23, 3),
(574, 855, 28, 5),
(575, 855, 13, 9),
(576, 856, 26, 6),
(577, 857, 18, 5),
(578, 857, 3, 7),
(579, 857, 25, 2),
(580, 857, 27, 6),
(581, 858, 17, 2),
(582, 858, 29, 2),
(583, 858, 26, 2),
(584, 858, 32, 6),
(585, 858, 7, 9),
(586, 858, 27, 2),
(587, 859, 37, 7),
(588, 859, 21, 9),
(589, 860, 12, 9),
(590, 860, 2, 1),
(591, 860, 7, 6),
(592, 860, 5, 6),
(593, 861, 43, 7),
(594, 861, 8, 1),
(595, 861, 12, 1),
(596, 862, 8, 7),
(597, 862, 37, 10),
(598, 862, 32, 8),
(599, 862, 18, 9),
(600, 862, 11, 9),
(601, 862, 20, 9),
(602, 863, 3, 9),
(603, 863, 30, 8),
(604, 864, 28, 1),
(605, 864, 19, 2),
(606, 864, 36, 1),
(607, 865, 39, 2),
(608, 866, 38, 7),
(609, 866, 42, 5),
(610, 866, 35, 2),
(611, 866, 41, 9),
(612, 866, 44, 9),
(613, 867, 17, 2),
(614, 867, 32, 8),
(615, 867, 21, 2),
(616, 868, 21, 7),
(617, 869, 15, 6),
(618, 869, 37, 4),
(619, 869, 1, 2),
(620, 869, 7, 2),
(621, 870, 17, 2),
(622, 870, 8, 7),
(623, 870, 13, 1),
(624, 870, 1, 4),
(625, 871, 6, 6),
(626, 871, 29, 7),
(627, 872, 40, 8),
(628, 873, 16, 2),
(629, 873, 3, 6),
(630, 873, 13, 3),
(631, 873, 17, 4),
(632, 873, 44, 1),
(633, 873, 9, 10),
(634, 874, 12, 5),
(635, 874, 17, 4),
(636, 874, 21, 6),
(637, 875, 10, 2),
(638, 875, 24, 4),
(639, 876, 37, 5),
(640, 876, 9, 9),
(641, 877, 30, 7),
(642, 878, 24, 8),
(643, 878, 31, 4),
(644, 878, 26, 7),
(645, 878, 33, 5),
(646, 879, 13, 4),
(647, 880, 13, 8),
(648, 880, 26, 10),
(649, 881, 45, 10),
(650, 881, 19, 5),
(651, 881, 31, 1),
(652, 882, 21, 3),
(653, 882, 15, 4),
(654, 882, 28, 10),
(655, 882, 5, 1),
(656, 883, 3, 6),
(657, 883, 11, 6),
(658, 883, 23, 2),
(659, 883, 42, 3),
(660, 883, 41, 1),
(661, 884, 3, 3),
(662, 884, 22, 9),
(663, 884, 6, 5),
(664, 884, 45, 1),
(665, 884, 5, 6),
(666, 885, 36, 5),
(667, 885, 7, 3),
(668, 885, 13, 2),
(669, 885, 35, 6),
(670, 885, 41, 10),
(671, 886, 13, 8),
(672, 886, 45, 3),
(673, 886, 15, 8),
(674, 886, 2, 5),
(675, 886, 28, 5),
(676, 886, 37, 5),
(677, 887, 23, 3),
(678, 887, 35, 4),
(679, 888, 37, 6),
(680, 889, 38, 4),
(681, 889, 20, 8),
(682, 889, 8, 8),
(683, 889, 44, 6),
(684, 889, 30, 1),
(685, 889, 25, 9),
(686, 890, 45, 8),
(687, 890, 33, 9),
(688, 890, 44, 2),
(689, 890, 37, 3),
(690, 890, 30, 10),
(691, 891, 14, 9),
(692, 891, 34, 4),
(693, 891, 26, 6),
(694, 891, 6, 1),
(695, 891, 23, 4),
(696, 892, 42, 10),
(697, 893, 45, 9),
(698, 893, 17, 5),
(699, 893, 34, 6),
(700, 893, 38, 10),
(701, 893, 2, 10),
(702, 893, 18, 5),
(703, 894, 6, 7),
(704, 894, 7, 3),
(705, 894, 8, 5),
(706, 894, 31, 8),
(707, 894, 12, 5),
(708, 895, 5, 9),
(709, 895, 1, 3),
(710, 895, 26, 4),
(711, 895, 28, 10),
(712, 895, 29, 7),
(713, 895, 3, 6),
(714, 896, 3, 6),
(715, 896, 39, 4),
(716, 897, 29, 9),
(717, 898, 33, 7),
(718, 898, 6, 1),
(719, 899, 16, 9),
(720, 899, 20, 4),
(721, 899, 43, 8),
(722, 900, 18, 9),
(723, 900, 17, 4),
(724, 900, 23, 10),
(725, 901, 33, 7),
(726, 901, 41, 5),
(727, 901, 13, 8),
(728, 902, 45, 1),
(729, 902, 42, 2),
(730, 902, 33, 1),
(731, 903, 33, 2),
(732, 903, 16, 7),
(733, 903, 5, 3),
(734, 903, 29, 3),
(735, 904, 13, 10),
(736, 904, 43, 5),
(737, 904, 20, 7),
(738, 904, 19, 8),
(739, 905, 2, 5),
(740, 905, 43, 4),
(741, 905, 17, 6),
(742, 905, 1, 4),
(743, 905, 35, 10),
(744, 906, 16, 4),
(745, 906, 36, 3),
(746, 906, 40, 9),
(747, 906, 15, 6),
(748, 906, 29, 2),
(749, 906, 33, 4),
(750, 907, 1, 3),
(751, 907, 13, 2),
(752, 908, 1, 5),
(753, 908, 6, 7),
(754, 908, 21, 7),
(755, 909, 36, 4),
(756, 909, 17, 9),
(757, 909, 2, 8),
(758, 909, 13, 4),
(759, 910, 28, 8),
(760, 911, 9, 4),
(761, 911, 18, 5),
(762, 911, 45, 4),
(763, 911, 29, 3),
(764, 911, 24, 3),
(765, 912, 21, 2),
(766, 912, 37, 9),
(767, 912, 35, 7),
(768, 913, 29, 1),
(769, 913, 43, 1),
(770, 913, 44, 2),
(771, 913, 23, 2),
(772, 914, 31, 8),
(773, 914, 35, 3),
(774, 914, 2, 10),
(775, 914, 19, 3),
(776, 914, 41, 7),
(777, 915, 7, 2),
(778, 915, 6, 5),
(779, 916, 18, 4),
(780, 917, 43, 5),
(781, 917, 37, 4),
(782, 917, 34, 2),
(783, 918, 4, 9),
(784, 919, 27, 4),
(785, 919, 21, 6),
(786, 920, 10, 5),
(787, 921, 33, 9),
(788, 921, 18, 3),
(789, 922, 1, 1),
(790, 922, 29, 6),
(791, 922, 4, 2),
(792, 922, 41, 4),
(793, 922, 19, 9),
(794, 923, 21, 4),
(795, 923, 5, 9),
(796, 923, 9, 6),
(797, 923, 2, 4),
(798, 923, 43, 10),
(799, 924, 32, 5),
(800, 924, 12, 2),
(801, 924, 29, 6),
(802, 925, 7, 7),
(803, 925, 39, 8),
(804, 925, 45, 5),
(805, 925, 5, 7),
(806, 926, 1, 9),
(807, 926, 32, 7),
(808, 926, 25, 6),
(809, 926, 39, 1),
(810, 927, 17, 8),
(811, 927, 41, 1),
(812, 928, 2, 1),
(813, 928, 35, 10),
(814, 929, 31, 5),
(815, 929, 22, 9),
(816, 929, 2, 8),
(817, 930, 21, 4),
(818, 930, 34, 8),
(819, 930, 2, 9),
(820, 930, 39, 2),
(821, 930, 28, 2),
(822, 930, 6, 1),
(823, 931, 34, 7),
(824, 931, 3, 7),
(825, 932, 18, 1),
(826, 932, 38, 9),
(827, 933, 37, 5),
(828, 933, 28, 7),
(829, 933, 30, 9),
(830, 933, 36, 2),
(831, 933, 5, 1),
(832, 934, 45, 3),
(833, 934, 19, 3),
(834, 935, 36, 5),
(835, 935, 40, 8),
(836, 935, 32, 6),
(837, 936, 28, 1),
(838, 936, 43, 10),
(839, 936, 18, 7),
(840, 936, 41, 4),
(841, 937, 13, 2),
(842, 937, 45, 9),
(843, 937, 28, 3),
(844, 938, 14, 3),
(845, 938, 42, 9),
(846, 938, 30, 10),
(847, 938, 5, 7),
(848, 939, 42, 5),
(849, 939, 11, 9),
(850, 939, 19, 2),
(851, 939, 17, 1),
(852, 939, 45, 7),
(853, 939, 3, 4),
(854, 940, 17, 9),
(855, 941, 6, 4),
(856, 941, 27, 4),
(857, 941, 43, 10),
(858, 941, 13, 4),
(859, 941, 12, 8),
(860, 942, 43, 6),
(861, 942, 20, 8),
(862, 942, 37, 8),
(863, 942, 26, 9),
(864, 942, 29, 2),
(865, 943, 1, 9),
(866, 943, 23, 8),
(867, 943, 44, 3),
(868, 943, 18, 9),
(869, 943, 5, 8),
(870, 943, 17, 9),
(871, 944, 2, 6),
(872, 944, 11, 5),
(873, 944, 28, 2),
(874, 944, 31, 8),
(875, 944, 32, 8),
(876, 945, 14, 9),
(877, 946, 11, 7),
(878, 946, 6, 1),
(879, 947, 8, 9),
(880, 947, 25, 4),
(881, 947, 42, 2),
(882, 947, 29, 10),
(883, 947, 12, 8),
(884, 948, 5, 3),
(885, 948, 33, 4),
(886, 948, 13, 4),
(887, 948, 23, 6),
(888, 949, 41, 10),
(889, 949, 7, 5),
(890, 949, 4, 6),
(891, 949, 29, 4),
(892, 950, 2, 6),
(893, 950, 17, 5),
(894, 950, 31, 8),
(895, 951, 20, 9),
(896, 952, 30, 2),
(897, 952, 36, 8),
(898, 952, 18, 8),
(899, 952, 13, 7),
(900, 952, 27, 9),
(901, 953, 10, 6),
(902, 953, 26, 9),
(903, 953, 36, 4),
(904, 953, 1, 6),
(905, 954, 44, 9),
(906, 954, 34, 1),
(907, 955, 16, 1),
(908, 955, 20, 4),
(909, 955, 13, 9),
(910, 955, 33, 1),
(911, 955, 40, 1),
(912, 956, 36, 9),
(913, 957, 43, 2),
(914, 957, 21, 6),
(915, 957, 2, 8),
(916, 957, 33, 8),
(917, 957, 12, 2),
(918, 957, 16, 10),
(919, 958, 34, 9),
(920, 959, 12, 9),
(921, 959, 41, 3),
(922, 959, 29, 9),
(923, 959, 26, 7),
(924, 959, 40, 3),
(925, 960, 39, 7),
(926, 960, 31, 7),
(927, 960, 14, 3),
(928, 961, 2, 6),
(929, 961, 9, 9),
(930, 961, 36, 8),
(931, 961, 27, 6),
(932, 961, 1, 2),
(933, 962, 24, 1),
(934, 962, 2, 8),
(935, 962, 7, 6),
(936, 963, 17, 6),
(937, 963, 36, 4),
(938, 963, 21, 7),
(939, 964, 30, 9),
(940, 964, 3, 8),
(941, 964, 22, 6),
(942, 965, 44, 8),
(943, 965, 26, 5),
(944, 965, 18, 9),
(945, 966, 36, 3),
(946, 967, 4, 2),
(947, 967, 36, 3),
(948, 967, 31, 9),
(949, 967, 3, 8),
(950, 967, 41, 8),
(951, 968, 11, 1),
(952, 968, 34, 1),
(953, 968, 40, 10),
(954, 968, 4, 10),
(955, 968, 29, 4),
(956, 969, 8, 2),
(957, 969, 28, 10),
(958, 969, 34, 5),
(959, 970, 5, 10),
(960, 971, 27, 6),
(961, 971, 20, 8),
(962, 971, 13, 5),
(963, 971, 16, 3),
(964, 971, 37, 2),
(965, 972, 13, 6),
(966, 972, 41, 10),
(967, 973, 27, 8),
(968, 973, 10, 3),
(969, 973, 7, 4),
(970, 973, 4, 7),
(971, 973, 31, 8),
(972, 974, 21, 10),
(973, 974, 11, 9),
(974, 974, 14, 1),
(975, 975, 19, 3),
(976, 975, 20, 5),
(977, 975, 39, 8),
(978, 975, 24, 4),
(979, 975, 10, 7),
(980, 976, 31, 2),
(981, 976, 39, 4),
(982, 976, 38, 10),
(983, 976, 12, 6),
(984, 977, 2, 8),
(985, 978, 28, 9),
(986, 978, 44, 8),
(987, 978, 4, 6),
(988, 979, 44, 3),
(989, 979, 30, 2),
(990, 979, 24, 2),
(991, 980, 20, 10),
(992, 980, 44, 3),
(993, 981, 11, 4),
(994, 981, 37, 3),
(995, 981, 32, 1),
(996, 981, 10, 10),
(997, 982, 29, 10),
(998, 982, 26, 7),
(999, 983, 14, 3),
(1000, 983, 8, 5),
(1001, 983, 5, 6),
(1002, 983, 21, 2),
(1003, 983, 27, 3),
(1004, 984, 33, 7),
(1005, 984, 23, 1),
(1006, 984, 40, 8),
(1007, 985, 44, 7),
(1008, 985, 42, 3),
(1009, 985, 27, 9),
(1010, 985, 32, 1),
(1011, 986, 44, 9),
(1012, 986, 23, 3),
(1013, 986, 22, 5),
(1014, 987, 44, 4),
(1015, 987, 30, 10),
(1016, 987, 36, 2),
(1017, 987, 4, 1),
(1018, 987, 15, 6),
(1019, 987, 35, 6),
(1020, 988, 19, 4),
(1021, 988, 20, 6),
(1022, 989, 26, 6),
(1023, 989, 38, 10),
(1024, 989, 3, 1),
(1025, 990, 36, 3),
(1026, 990, 16, 7),
(1027, 991, 38, 5),
(1028, 991, 4, 10),
(1029, 991, 18, 2),
(1030, 991, 10, 6),
(1031, 991, 40, 6),
(1032, 992, 29, 1),
(1033, 992, 41, 4),
(1034, 992, 39, 9),
(1035, 992, 5, 6),
(1036, 992, 21, 8),
(1037, 993, 37, 10),
(1038, 993, 32, 5),
(1039, 993, 5, 5),
(1040, 993, 6, 10),
(1041, 994, 11, 1),
(1042, 994, 29, 9),
(1043, 994, 40, 5),
(1044, 995, 12, 5),
(1045, 995, 18, 6),
(1046, 995, 25, 1),
(1047, 996, 1, 7),
(1048, 996, 23, 8),
(1049, 996, 36, 5),
(1050, 996, 45, 10),
(1051, 996, 43, 1),
(1052, 996, 3, 7),
(1053, 997, 23, 3),
(1054, 997, 6, 2),
(1055, 997, 40, 4),
(1056, 997, 19, 2),
(1057, 997, 45, 6),
(1058, 998, 6, 6),
(1059, 998, 40, 4),
(1060, 998, 1, 4),
(1061, 999, 5, 5),
(1062, 999, 7, 3),
(1063, 999, 11, 9),
(1064, 999, 9, 5),
(1065, 999, 29, 6),
(1066, 1000, 12, 6),
(1067, 1000, 21, 1),
(1068, 1000, 19, 3),
(1069, 1001, 17, 5),
(1070, 1002, 13, 1),
(1071, 1002, 2, 10),
(1072, 1002, 4, 3),
(1073, 1002, 11, 9),
(1074, 1002, 20, 4),
(1075, 1003, 36, 1),
(1076, 1003, 20, 2),
(1077, 1004, 6, 3),
(1078, 1004, 38, 5),
(1079, 1004, 12, 2),
(1080, 1004, 2, 3),
(1081, 1004, 9, 10),
(1082, 1005, 4, 5),
(1083, 1005, 30, 1),
(1084, 1005, 38, 10),
(1085, 1006, 37, 7),
(1086, 1006, 11, 6),
(1087, 1006, 20, 6),
(1088, 1006, 32, 9),
(1089, 1006, 22, 8),
(1090, 1007, 18, 8),
(1091, 1007, 19, 1),
(1092, 1007, 25, 3),
(1093, 1008, 8, 3),
(1094, 1008, 10, 2),
(1095, 1008, 11, 4),
(1096, 1008, 26, 1),
(1097, 1008, 17, 8),
(1098, 1009, 4, 10),
(1099, 1009, 25, 10),
(1100, 1009, 44, 2),
(1101, 1009, 21, 8),
(1102, 1009, 11, 4),
(1103, 1010, 11, 9),
(1104, 1010, 8, 10),
(1105, 1010, 29, 8),
(1106, 1010, 13, 3),
(1107, 1010, 6, 3),
(1108, 1010, 22, 2),
(1109, 1011, 27, 5),
(1110, 1011, 38, 4),
(1111, 1011, 8, 6),
(1112, 1012, 13, 10),
(1113, 1012, 1, 10),
(1114, 1012, 21, 4),
(1115, 1012, 20, 1),
(1116, 1012, 38, 8),
(1117, 1013, 29, 4),
(1118, 1013, 8, 3),
(1119, 1014, 23, 6),
(1120, 1015, 39, 8),
(1121, 1016, 17, 2),
(1122, 1016, 41, 1),
(1123, 1016, 13, 6),
(1124, 1017, 35, 5),
(1125, 1017, 18, 1),
(1126, 1017, 11, 6),
(1127, 1017, 8, 5),
(1128, 1017, 38, 1),
(1129, 1017, 16, 6),
(1130, 1018, 10, 9),
(1131, 1018, 39, 3),
(1132, 1018, 31, 10),
(1133, 1018, 16, 1),
(1134, 1019, 36, 4),
(1135, 1019, 35, 9),
(1136, 1019, 9, 7),
(1137, 1019, 45, 7),
(1138, 1020, 4, 6),
(1139, 1020, 34, 7),
(1140, 1021, 33, 1),
(1141, 1021, 25, 2),
(1142, 1022, 28, 4),
(1143, 1023, 43, 1),
(1144, 1023, 4, 7),
(1145, 1023, 7, 9),
(1146, 1023, 39, 6),
(1147, 1023, 9, 5),
(1148, 1023, 36, 6),
(1149, 1024, 11, 4),
(1150, 1025, 18, 1),
(1151, 1026, 5, 3),
(1152, 1026, 17, 6),
(1153, 1026, 25, 4),
(1154, 1026, 43, 2),
(1155, 1026, 26, 4),
(1156, 1027, 18, 1),
(1157, 1027, 22, 10),
(1158, 1027, 4, 4),
(1159, 1027, 12, 7),
(1160, 1028, 21, 5),
(1161, 1028, 42, 2),
(1162, 1028, 40, 1),
(1163, 1029, 13, 8),
(1164, 1029, 33, 1),
(1165, 1029, 3, 8),
(1166, 1029, 10, 5),
(1167, 1030, 42, 3),
(1168, 1030, 39, 5),
(1169, 1030, 24, 6),
(1170, 1031, 16, 1),
(1171, 1031, 18, 1),
(1172, 1031, 11, 9),
(1173, 1032, 35, 7),
(1174, 1033, 13, 6),
(1175, 1033, 21, 10),
(1176, 1033, 5, 9),
(1177, 1033, 35, 10),
(1178, 1033, 15, 1),
(1179, 1034, 35, 2),
(1180, 1034, 29, 1),
(1181, 1034, 31, 1),
(1182, 1034, 2, 4),
(1183, 1035, 35, 7),
(1184, 1036, 3, 5),
(1185, 1036, 25, 6),
(1186, 1036, 30, 4),
(1187, 1036, 2, 5),
(1188, 1037, 35, 7),
(1189, 1037, 15, 8),
(1190, 1037, 32, 6),
(1191, 1038, 24, 6),
(1192, 1038, 4, 3),
(1193, 1038, 16, 5),
(1194, 1038, 18, 10),
(1195, 1039, 13, 9),
(1196, 1039, 35, 3),
(1197, 1040, 18, 2),
(1198, 1040, 5, 1),
(1199, 1040, 39, 10),
(1200, 1040, 12, 2),
(1201, 1040, 32, 4),
(1202, 1041, 7, 4),
(1203, 1042, 40, 3),
(1204, 1042, 17, 2),
(1205, 1042, 18, 10),
(1206, 1042, 33, 10),
(1207, 1042, 28, 10),
(1208, 1042, 2, 9),
(1209, 1043, 44, 3),
(1210, 1043, 38, 9),
(1211, 1044, 7, 4),
(1212, 1045, 37, 5),
(1213, 1046, 23, 9),
(1214, 1046, 45, 8),
(1215, 1046, 8, 5),
(1216, 1046, 16, 3),
(1217, 1046, 11, 7),
(1218, 1046, 17, 7),
(1219, 1047, 15, 1),
(1220, 1047, 39, 5),
(1221, 1047, 43, 4),
(1222, 1047, 22, 7),
(1223, 1048, 30, 5),
(1224, 1048, 41, 3),
(1225, 1048, 13, 8),
(1226, 1049, 12, 6),
(1227, 1049, 31, 2),
(1228, 1049, 10, 6),
(1229, 1049, 5, 8),
(1230, 1049, 17, 9),
(1231, 1049, 43, 9),
(1232, 1050, 3, 6),
(1233, 1050, 42, 6),
(1234, 1050, 12, 10),
(1235, 1051, 26, 6),
(1236, 1051, 34, 7),
(1237, 1051, 28, 1),
(1238, 1051, 9, 8),
(1239, 1052, 45, 5),
(1240, 1052, 8, 8),
(1241, 1052, 42, 6),
(1242, 1052, 6, 1),
(1243, 1052, 43, 3),
(1244, 1052, 14, 9),
(1245, 1053, 8, 10),
(1246, 1053, 2, 7),
(1247, 1053, 10, 4),
(1248, 1053, 44, 7),
(1249, 1053, 17, 8),
(1250, 1054, 2, 3),
(1251, 1054, 14, 8),
(1252, 1054, 44, 3),
(1253, 1054, 35, 8),
(1254, 1054, 22, 5),
(1255, 1055, 23, 3),
(1256, 1055, 5, 8),
(1257, 1055, 18, 2),
(1258, 1056, 38, 10),
(1259, 1056, 28, 6),
(1260, 1056, 29, 2),
(1261, 1056, 30, 6),
(1262, 1057, 11, 2),
(1263, 1057, 32, 9),
(1264, 1057, 43, 10),
(1265, 1057, 12, 1),
(1266, 1058, 29, 10),
(1267, 1058, 8, 2),
(1268, 1058, 4, 2),
(1269, 1058, 33, 7),
(1270, 1058, 42, 8),
(1271, 1058, 23, 7),
(1272, 1059, 40, 3),
(1273, 1059, 32, 1),
(1274, 1060, 38, 6),
(1275, 1061, 17, 9),
(1276, 1061, 32, 7),
(1277, 1061, 37, 10),
(1278, 1062, 43, 3),
(1279, 1062, 25, 5),
(1280, 1062, 33, 1),
(1281, 1062, 29, 6),
(1282, 1062, 9, 5),
(1283, 1063, 45, 7),
(1284, 1063, 4, 1),
(1285, 1064, 13, 9),
(1286, 1064, 44, 4),
(1287, 1064, 12, 10),
(1288, 1064, 39, 10),
(1289, 1064, 23, 4),
(1290, 1065, 17, 6),
(1291, 1066, 21, 3),
(1292, 1066, 17, 8),
(1293, 1066, 31, 10),
(1294, 1066, 38, 8),
(1295, 1066, 36, 4),
(1296, 1067, 13, 3),
(1297, 1068, 35, 10),
(1298, 1068, 38, 3),
(1299, 1068, 6, 4),
(1300, 1069, 8, 7),
(1301, 1069, 11, 2),
(1302, 1069, 5, 5),
(1303, 1070, 32, 7),
(1304, 1070, 43, 10),
(1305, 1070, 16, 4),
(1306, 1070, 15, 5),
(1307, 1070, 44, 2),
(1308, 1071, 29, 6),
(1309, 1071, 32, 4),
(1310, 1071, 43, 8),
(1311, 1071, 4, 8),
(1312, 1071, 2, 3),
(1313, 1071, 41, 4),
(1314, 1072, 29, 1),
(1315, 1072, 16, 8),
(1316, 1072, 9, 2),
(1317, 1073, 6, 5),
(1318, 1073, 35, 3),
(1319, 1073, 37, 1),
(1320, 1074, 35, 2),
(1321, 1074, 30, 6),
(1322, 1074, 22, 3),
(1323, 1074, 19, 8),
(1324, 1074, 21, 1),
(1325, 1075, 25, 3),
(1326, 1076, 11, 6),
(1327, 1076, 45, 4),
(1328, 1076, 35, 1),
(1329, 1077, 9, 2),
(1330, 1077, 23, 5),
(1331, 1078, 35, 5),
(1332, 1078, 28, 10),
(1333, 1079, 37, 7),
(1334, 1080, 26, 6),
(1335, 1081, 3, 9),
(1336, 1081, 10, 1),
(1337, 1081, 23, 7),
(1338, 1081, 37, 8),
(1339, 1081, 19, 2),
(1340, 1081, 21, 8),
(1341, 1082, 4, 1),
(1342, 1082, 23, 7),
(1343, 1082, 11, 6),
(1344, 1082, 22, 3),
(1345, 1082, 26, 9),
(1346, 1083, 28, 5),
(1347, 1083, 11, 6),
(1348, 1083, 14, 8),
(1349, 1083, 38, 10),
(1350, 1083, 9, 9),
(1351, 1083, 37, 1),
(1352, 1084, 10, 4),
(1353, 1084, 29, 8),
(1354, 1084, 35, 2),
(1355, 1084, 13, 2),
(1356, 1085, 28, 9),
(1357, 1085, 16, 8),
(1358, 1085, 27, 4),
(1359, 1085, 13, 7),
(1360, 1085, 6, 8),
(1361, 1085, 21, 8),
(1362, 1086, 32, 4),
(1363, 1086, 19, 10),
(1364, 1086, 33, 8),
(1365, 1086, 29, 3),
(1366, 1086, 36, 1),
(1367, 1086, 34, 9),
(1368, 1087, 33, 9),
(1369, 1087, 10, 2),
(1370, 1087, 26, 2),
(1371, 1087, 6, 10),
(1372, 1087, 34, 10),
(1373, 1087, 39, 1),
(1374, 1088, 37, 3),
(1375, 1088, 16, 2),
(1376, 1088, 41, 6),
(1377, 1088, 10, 7),
(1378, 1088, 24, 3),
(1379, 1088, 31, 3),
(1380, 1089, 9, 6),
(1381, 1089, 41, 1),
(1382, 1089, 4, 9),
(1383, 1089, 20, 6),
(1384, 1089, 23, 2),
(1385, 1090, 11, 8),
(1386, 1091, 40, 7),
(1387, 1091, 30, 7),
(1388, 1091, 31, 1),
(1389, 1091, 12, 3),
(1390, 1091, 37, 2),
(1391, 1092, 20, 9),
(1392, 1093, 34, 7),
(1393, 1093, 27, 4),
(1394, 1093, 35, 8),
(1395, 1093, 8, 3),
(1396, 1094, 35, 4),
(1397, 1095, 45, 8),
(1398, 1095, 3, 6),
(1399, 1095, 37, 1),
(1400, 1095, 12, 9),
(1401, 1096, 45, 4),
(1402, 1096, 12, 8),
(1403, 1096, 34, 1),
(1404, 1096, 26, 2),
(1405, 1096, 9, 10),
(1406, 1096, 28, 9),
(1407, 1097, 5, 5),
(1408, 1097, 37, 3),
(1409, 1098, 27, 1),
(1410, 1098, 28, 10),
(1411, 1099, 30, 3),
(1412, 1099, 14, 3),
(1413, 1099, 20, 10),
(1414, 1100, 26, 3),
(1415, 1101, 9, 8),
(1416, 1101, 25, 4),
(1417, 1101, 37, 10),
(1418, 1102, 5, 8),
(1419, 1102, 20, 6),
(1420, 1102, 13, 5),
(1421, 1103, 35, 2),
(1422, 1103, 17, 6),
(1423, 1103, 11, 10),
(1424, 1103, 6, 8),
(1425, 1103, 43, 1),
(1426, 1104, 29, 7),
(1427, 1104, 24, 1),
(1428, 1104, 15, 5),
(1429, 1105, 17, 2),
(1430, 1105, 41, 10),
(1431, 1105, 35, 4),
(1432, 1106, 31, 9),
(1433, 1106, 1, 2),
(1434, 1107, 26, 3),
(1435, 1107, 28, 10),
(1436, 1107, 32, 2),
(1437, 1107, 17, 6),
(1438, 1108, 38, 3),
(1439, 1109, 45, 4),
(1440, 1109, 12, 10),
(1441, 1109, 18, 10),
(1442, 1109, 10, 3),
(1443, 1109, 40, 1),
(1444, 1109, 17, 4),
(1445, 1110, 34, 6),
(1446, 1111, 5, 2),
(1447, 1111, 19, 6),
(1448, 1111, 4, 2),
(1449, 1111, 10, 7),
(1450, 1112, 24, 6),
(1451, 1112, 36, 4),
(1452, 1112, 25, 8),
(1453, 1112, 27, 3),
(1454, 1112, 13, 4),
(1455, 1112, 41, 5),
(1456, 1113, 42, 1),
(1457, 1113, 2, 4),
(1458, 1114, 24, 3),
(1459, 1114, 8, 1),
(1460, 1114, 43, 7),
(1461, 1114, 16, 2),
(1462, 1114, 39, 4),
(1463, 1115, 35, 8),
(1464, 1115, 10, 8),
(1465, 1115, 19, 5),
(1466, 1115, 27, 8),
(1467, 1115, 42, 8),
(1468, 1115, 6, 6),
(1469, 1116, 30, 10),
(1470, 1116, 44, 6),
(1471, 1116, 26, 4),
(1472, 1116, 12, 1),
(1473, 1116, 22, 10),
(1474, 1117, 12, 10),
(1475, 1117, 5, 10),
(1476, 1117, 6, 2),
(1477, 1117, 29, 2),
(1478, 1117, 24, 5),
(1479, 1117, 27, 5),
(1480, 1118, 9, 9),
(1481, 1118, 2, 8),
(1482, 1118, 37, 6),
(1483, 1119, 32, 10),
(1484, 1119, 31, 4),
(1485, 1119, 1, 7),
(1486, 1119, 38, 4),
(1487, 1119, 19, 9),
(1488, 1119, 24, 10),
(1489, 1120, 19, 1),
(1490, 1120, 42, 8),
(1491, 1120, 45, 6),
(1492, 1121, 29, 5),
(1493, 1121, 32, 5),
(1494, 1121, 11, 7),
(1495, 1121, 34, 7),
(1496, 1121, 18, 6),
(1497, 1122, 12, 8),
(1498, 1123, 32, 8),
(1499, 1123, 13, 8),
(1500, 1123, 15, 9),
(1501, 1124, 13, 3),
(1502, 1124, 6, 8),
(1503, 1124, 8, 1),
(1504, 1124, 10, 4),
(1505, 1124, 9, 2),
(1506, 1125, 45, 10),
(1507, 1125, 40, 2),
(1508, 1125, 15, 8),
(1509, 1125, 29, 4),
(1510, 1125, 26, 3),
(1511, 1125, 11, 9),
(1512, 1126, 5, 8),
(1513, 1126, 12, 10),
(1514, 1126, 37, 1),
(1515, 1126, 41, 9),
(1516, 1126, 22, 9),
(1517, 1127, 20, 3),
(1518, 1127, 9, 3),
(1519, 1127, 13, 2),
(1520, 1128, 32, 10),
(1521, 1128, 42, 6),
(1522, 1128, 34, 10),
(1523, 1128, 24, 3),
(1524, 1128, 5, 6),
(1525, 1128, 41, 7),
(1526, 1129, 1, 9),
(1527, 1129, 8, 7),
(1528, 1129, 16, 4),
(1529, 1129, 25, 5),
(1530, 1129, 45, 2),
(1531, 1130, 30, 3),
(1532, 1130, 12, 2),
(1533, 1131, 27, 6),
(1534, 1132, 32, 3),
(1535, 1132, 14, 5),
(1536, 1132, 15, 6),
(1537, 1132, 8, 3),
(1538, 1132, 10, 1),
(1539, 1132, 34, 6),
(1540, 1133, 18, 8),
(1541, 1133, 26, 6),
(1542, 1133, 28, 10),
(1543, 1133, 12, 9),
(1544, 1133, 19, 9),
(1545, 1133, 11, 7),
(1546, 1134, 38, 3),
(1547, 1134, 14, 1),
(1548, 1134, 8, 4),
(1549, 1134, 31, 3),
(1550, 1134, 37, 2),
(1551, 1134, 10, 7),
(1552, 1135, 14, 4),
(1553, 1135, 30, 1),
(1554, 1136, 21, 6),
(1555, 1136, 36, 7),
(1556, 1136, 41, 3),
(1557, 1136, 10, 10),
(1558, 1136, 19, 4),
(1559, 1137, 9, 8),
(1560, 1137, 12, 6),
(1561, 1137, 36, 6),
(1562, 1137, 22, 6),
(1563, 1137, 15, 2),
(1564, 1138, 13, 5),
(1565, 1138, 19, 3),
(1566, 1138, 12, 3),
(1567, 1138, 20, 4),
(1568, 1138, 43, 8),
(1569, 1139, 36, 7),
(1570, 1139, 13, 3),
(1571, 1139, 40, 10),
(1572, 1140, 30, 10),
(1573, 1141, 10, 2),
(1574, 1141, 41, 3),
(1575, 1141, 27, 10),
(1576, 1142, 42, 5),
(1577, 1142, 35, 8),
(1578, 1142, 26, 3),
(1579, 1143, 34, 5),
(1580, 1144, 44, 3),
(1581, 1144, 7, 10),
(1582, 1145, 19, 5),
(1583, 1145, 10, 4),
(1584, 1145, 29, 9),
(1585, 1146, 44, 6),
(1586, 1146, 22, 10),
(1587, 1146, 5, 1),
(1588, 1146, 29, 1),
(1589, 1147, 36, 5),
(1590, 1147, 23, 8),
(1591, 1147, 30, 5),
(1592, 1147, 33, 5),
(1593, 1148, 35, 1),
(1594, 1148, 36, 1),
(1595, 1148, 32, 4),
(1596, 1148, 2, 8),
(1597, 1149, 35, 6),
(1598, 1149, 2, 6),
(1599, 1149, 36, 9),
(1600, 1149, 7, 2),
(1601, 1149, 11, 8),
(1602, 1150, 37, 10),
(1603, 1151, 15, 10),
(1604, 1151, 24, 4),
(1605, 1151, 40, 4),
(1606, 1151, 2, 2),
(1607, 1151, 9, 10),
(1608, 1152, 16, 6),
(1609, 1152, 5, 8),
(1610, 1152, 34, 1),
(1611, 1152, 20, 2),
(1612, 1152, 37, 1),
(1613, 1153, 18, 7),
(1614, 1153, 29, 4),
(1615, 1154, 30, 9),
(1616, 1155, 30, 6),
(1617, 1155, 44, 8),
(1618, 1155, 41, 7),
(1619, 1156, 32, 4),
(1620, 1157, 44, 1),
(1621, 1157, 38, 6),
(1622, 1157, 7, 7),
(1623, 1157, 41, 7),
(1624, 1157, 13, 7),
(1625, 1158, 43, 1),
(1626, 1158, 25, 8),
(1627, 1158, 44, 2),
(1628, 1159, 36, 10),
(1629, 1159, 43, 2),
(1630, 1159, 33, 7),
(1631, 1160, 10, 1),
(1632, 1160, 35, 10),
(1633, 1160, 38, 1),
(1634, 1160, 1, 6),
(1635, 1161, 22, 7),
(1636, 1161, 44, 3),
(1637, 1161, 45, 10),
(1638, 1161, 34, 8),
(1639, 1161, 43, 1),
(1640, 1162, 1, 6),
(1641, 1162, 41, 2),
(1642, 1162, 33, 2),
(1643, 1162, 31, 10),
(1644, 1162, 9, 3),
(1645, 1163, 29, 7),
(1646, 1163, 5, 5),
(1647, 1163, 31, 3),
(1648, 1163, 20, 9),
(1649, 1164, 11, 2),
(1650, 1164, 45, 5),
(1651, 1165, 28, 5),
(1652, 1165, 2, 2),
(1653, 1165, 8, 7),
(1654, 1165, 37, 4),
(1655, 1166, 12, 9),
(1656, 1166, 35, 1),
(1657, 1166, 17, 2),
(1658, 1167, 36, 5),
(1659, 1167, 14, 6),
(1660, 1167, 30, 5),
(1661, 1167, 41, 6),
(1662, 1167, 9, 8),
(1663, 1167, 1, 8),
(1664, 1168, 30, 4),
(1665, 1168, 20, 9),
(1666, 1168, 22, 9),
(1667, 1168, 1, 7),
(1668, 1168, 23, 9),
(1669, 1169, 6, 7),
(1670, 1169, 25, 8),
(1671, 1169, 19, 5),
(1672, 1169, 9, 7),
(1673, 1169, 29, 5),
(1674, 1169, 44, 6),
(1675, 1170, 10, 4),
(1676, 1170, 14, 5),
(1677, 1170, 17, 4),
(1678, 1170, 44, 6),
(1679, 1170, 30, 5),
(1680, 1171, 12, 8),
(1681, 1171, 9, 10),
(1682, 1171, 8, 9),
(1683, 1172, 17, 6),
(1684, 1172, 14, 5),
(1685, 1172, 23, 8),
(1686, 1173, 15, 9),
(1687, 1173, 41, 10),
(1688, 1173, 20, 1),
(1689, 1174, 14, 10),
(1690, 1174, 28, 4),
(1691, 1175, 27, 2),
(1692, 1175, 15, 7),
(1693, 1175, 12, 8),
(1694, 1175, 35, 3),
(1695, 1175, 26, 8),
(1696, 1176, 14, 5),
(1697, 1176, 34, 6),
(1698, 1176, 11, 9),
(1699, 1177, 6, 8),
(1700, 1177, 25, 4),
(1701, 1177, 11, 6),
(1702, 1178, 33, 10),
(1703, 1178, 4, 3),
(1704, 1179, 40, 2),
(1705, 1179, 31, 5),
(1706, 1179, 19, 1),
(1707, 1179, 5, 3),
(1708, 1179, 12, 5),
(1709, 1180, 33, 9),
(1710, 1180, 31, 6),
(1711, 1180, 41, 6),
(1712, 1180, 17, 10),
(1713, 1180, 6, 6),
(1714, 1180, 19, 10),
(1715, 1181, 41, 1),
(1716, 1181, 13, 2),
(1717, 1182, 35, 3),
(1718, 1182, 27, 5),
(1719, 1182, 38, 10),
(1720, 1182, 8, 9),
(1721, 1183, 11, 6),
(1722, 1184, 32, 2),
(1723, 1184, 45, 7),
(1724, 1184, 35, 5),
(1725, 1184, 15, 1),
(1726, 1184, 34, 5),
(1727, 1185, 19, 2),
(1728, 1185, 37, 10),
(1729, 1186, 37, 6),
(1730, 1186, 27, 7),
(1731, 1186, 39, 4),
(1732, 1186, 13, 2),
(1733, 1186, 34, 10),
(1734, 1187, 1, 6),
(1735, 1187, 11, 8),
(1736, 1188, 28, 9),
(1737, 1188, 8, 2),
(1738, 1188, 17, 6),
(1739, 1188, 42, 2),
(1740, 1189, 43, 2),
(1741, 1189, 45, 5),
(1742, 1189, 5, 8),
(1743, 1189, 34, 4),
(1744, 1189, 36, 4),
(1745, 1189, 14, 4),
(1746, 1190, 10, 9),
(1747, 1191, 24, 9),
(1748, 1191, 17, 1),
(1749, 1191, 31, 7),
(1750, 1191, 1, 2),
(1751, 1191, 20, 2),
(1752, 1192, 29, 5),
(1753, 1192, 16, 5),
(1754, 1192, 21, 5),
(1755, 1192, 9, 2),
(1756, 1192, 17, 4),
(1757, 1193, 7, 4),
(1758, 1193, 36, 6),
(1759, 1193, 24, 1),
(1760, 1193, 15, 6),
(1761, 1194, 33, 7),
(1762, 1195, 33, 1),
(1763, 1195, 43, 2),
(1764, 1195, 28, 3),
(1765, 1196, 33, 2),
(1766, 1197, 14, 7),
(1767, 1197, 3, 5),
(1768, 1197, 17, 3),
(1769, 1197, 30, 6),
(1770, 1197, 27, 1),
(1771, 1198, 45, 2),
(1772, 1198, 15, 7),
(1773, 1198, 4, 4),
(1774, 1199, 35, 8),
(1775, 1200, 6, 6),
(1776, 1200, 39, 3),
(1777, 1200, 11, 3),
(1778, 1200, 26, 8),
(1779, 1201, 15, 2),
(1780, 1201, 31, 6),
(1781, 1201, 25, 3),
(1782, 1201, 10, 10),
(1783, 1202, 45, 6),
(1784, 1202, 35, 6),
(1785, 1203, 16, 9),
(1786, 1204, 27, 2),
(1787, 1204, 9, 5),
(1788, 1204, 4, 4),
(1789, 1204, 38, 1),
(1790, 1204, 5, 2),
(1791, 1204, 29, 7),
(1792, 1205, 30, 6),
(1793, 1205, 15, 3),
(1794, 1205, 22, 7),
(1795, 1206, 41, 2),
(1796, 1206, 32, 4),
(1797, 1207, 6, 5),
(1798, 1207, 12, 9),
(1799, 1208, 3, 7),
(1800, 1209, 27, 8),
(1801, 1209, 36, 4),
(1802, 1209, 17, 8),
(1803, 1209, 12, 2),
(1804, 1210, 14, 4),
(1805, 1211, 26, 8),
(1806, 1211, 4, 9),
(1807, 1211, 19, 7),
(1808, 1212, 9, 8),
(1809, 1212, 6, 10),
(1810, 1212, 14, 5),
(1811, 1213, 35, 6),
(1812, 1213, 9, 7),
(1813, 1213, 31, 2),
(1814, 1213, 30, 9),
(1815, 1213, 21, 5),
(1816, 1214, 45, 3),
(1817, 1214, 1, 7),
(1818, 1214, 7, 5),
(1819, 1214, 32, 7),
(1820, 1214, 3, 3),
(1821, 1215, 31, 9),
(1822, 1215, 38, 9),
(1823, 1215, 27, 6),
(1824, 1216, 40, 5),
(1825, 1216, 24, 3),
(1826, 1216, 44, 4),
(1827, 1216, 17, 2),
(1828, 1216, 27, 1),
(1829, 1217, 2, 9),
(1830, 1217, 41, 2),
(1831, 1217, 23, 9),
(1832, 1217, 1, 2),
(1833, 1217, 19, 7),
(1834, 1217, 44, 2),
(1835, 1218, 45, 2),
(1836, 1218, 32, 9),
(1837, 1218, 6, 8),
(1838, 1218, 2, 8),
(1839, 1219, 26, 8),
(1840, 1219, 22, 4),
(1841, 1219, 38, 8),
(1842, 1220, 13, 5),
(1843, 1220, 26, 2),
(1844, 1221, 18, 7),
(1845, 1222, 9, 5),
(1846, 1222, 40, 7),
(1847, 1222, 1, 3),
(1848, 1222, 6, 8),
(1849, 1223, 10, 3),
(1850, 1223, 8, 10),
(1851, 1223, 9, 8),
(1852, 1223, 36, 5),
(1853, 1224, 1, 4),
(1854, 1224, 23, 4),
(1855, 1224, 27, 8),
(1856, 1225, 14, 4),
(1857, 1225, 33, 7),
(1858, 1225, 3, 3),
(1859, 1226, 41, 5),
(1860, 1226, 6, 5),
(1861, 1226, 36, 7),
(1862, 1226, 17, 1),
(1863, 1226, 28, 4),
(1864, 1226, 32, 6),
(1865, 1227, 6, 5),
(1866, 1227, 11, 2),
(1867, 1227, 44, 7),
(1868, 1227, 20, 1),
(1869, 1227, 33, 7),
(1870, 1227, 5, 4),
(1871, 1228, 13, 2),
(1872, 1228, 5, 9),
(1873, 1228, 27, 5),
(1874, 1228, 32, 10),
(1875, 1228, 20, 7),
(1876, 1228, 12, 9),
(1877, 1229, 26, 8),
(1878, 1230, 23, 4),
(1879, 1230, 26, 8),
(1880, 1230, 20, 5),
(1881, 1231, 2, 3),
(1882, 1231, 7, 5),
(1883, 1231, 28, 4),
(1884, 1231, 20, 4),
(1885, 1231, 24, 4),
(1886, 1232, 21, 4),
(1887, 1232, 13, 4),
(1888, 1232, 9, 4),
(1889, 1232, 12, 4),
(1890, 1232, 5, 3),
(1891, 1233, 37, 8),
(1892, 1233, 11, 10),
(1893, 1234, 21, 1),
(1894, 1234, 2, 7),
(1895, 1234, 4, 8),
(1896, 1234, 8, 2),
(1897, 1234, 36, 8),
(1898, 1235, 20, 10),
(1899, 1235, 34, 4),
(1900, 1236, 35, 5),
(1901, 1236, 2, 8),
(1902, 1237, 34, 7),
(1903, 1237, 7, 2),
(1904, 1237, 20, 5),
(1905, 1238, 4, 2),
(1906, 1238, 27, 4),
(1907, 1238, 7, 6),
(1908, 1239, 45, 7),
(1909, 1240, 38, 7),
(1910, 1240, 7, 4),
(1911, 1240, 27, 6),
(1912, 1241, 1, 10),
(1913, 1241, 31, 3),
(1914, 1241, 30, 1),
(1915, 1241, 14, 3),
(1916, 1241, 4, 5),
(1917, 1242, 17, 9),
(1918, 1243, 38, 7),
(1919, 1243, 19, 3),
(1920, 1243, 5, 3),
(1921, 1243, 3, 2),
(1922, 1243, 7, 2),
(1923, 1244, 24, 5),
(1924, 1244, 44, 3),
(1925, 1244, 9, 9),
(1926, 1244, 16, 6),
(1927, 1244, 18, 10),
(1928, 1244, 21, 2),
(1929, 1245, 14, 2),
(1930, 1245, 43, 7),
(1931, 1245, 29, 7),
(1932, 1246, 43, 1),
(1933, 1246, 34, 1),
(1934, 1246, 8, 6),
(1935, 1246, 21, 9),
(1936, 1246, 23, 4),
(1937, 1246, 36, 7),
(1938, 1247, 31, 1),
(1939, 1247, 15, 2),
(1940, 1247, 40, 10),
(1941, 1247, 22, 1),
(1942, 1247, 28, 10),
(1943, 1247, 12, 4),
(1944, 1248, 25, 10),
(1945, 1248, 20, 2),
(1946, 1249, 12, 2),
(1947, 1249, 9, 6),
(1948, 1249, 25, 9),
(1949, 1250, 9, 3),
(1950, 1250, 18, 5),
(1951, 1250, 37, 6),
(1952, 1251, 12, 10),
(1953, 1251, 39, 4),
(1954, 1251, 15, 6),
(1955, 1252, 30, 9),
(1956, 1252, 10, 7),
(1957, 1252, 33, 5),
(1958, 1252, 21, 8),
(1959, 1252, 22, 2),
(1960, 1253, 35, 7),
(1961, 1254, 24, 2),
(1962, 1254, 3, 4),
(1963, 1254, 8, 10),
(1964, 1254, 17, 9),
(1965, 1254, 4, 10),
(1966, 1255, 9, 6),
(1967, 1255, 39, 6),
(1968, 1255, 23, 8),
(1969, 1255, 44, 6),
(1970, 1256, 20, 8),
(1971, 1256, 4, 7),
(1972, 1256, 27, 9),
(1973, 1256, 29, 10),
(1974, 1257, 31, 9),
(1975, 1257, 23, 6),
(1976, 1257, 42, 7),
(1977, 1257, 44, 8),
(1978, 1257, 20, 9),
(1979, 1258, 43, 10),
(1980, 1258, 32, 1),
(1981, 1258, 34, 8),
(1982, 1258, 37, 5),
(1983, 1258, 12, 9),
(1984, 1259, 30, 1),
(1985, 1259, 26, 3),
(1986, 1259, 42, 7),
(1987, 1259, 25, 7),
(1988, 1259, 13, 1),
(1989, 1260, 41, 9),
(1990, 1260, 45, 6),
(1991, 1260, 18, 10),
(1992, 1261, 41, 8),
(1993, 1261, 18, 10),
(1994, 1261, 38, 5),
(1995, 1262, 26, 9),
(1996, 1262, 38, 8),
(1997, 1262, 9, 9),
(1998, 1262, 7, 4),
(1999, 1262, 33, 2),
(2000, 1262, 28, 4),
(2001, 1263, 15, 1),
(2002, 1263, 38, 9),
(2003, 1263, 26, 9),
(2004, 1263, 3, 10),
(2005, 1263, 29, 6),
(2006, 1264, 21, 3),
(2007, 1264, 10, 7),
(2008, 1264, 39, 9),
(2009, 1265, 34, 9),
(2010, 1265, 24, 7),
(2011, 1265, 1, 3),
(2012, 1265, 40, 5),
(2013, 1266, 43, 5),
(2014, 1266, 22, 1),
(2015, 1267, 9, 8),
(2016, 1267, 39, 9),
(2017, 1267, 22, 7),
(2018, 1267, 26, 7),
(2019, 1267, 13, 6),
(2020, 1268, 5, 4),
(2021, 1268, 41, 4),
(2022, 1268, 18, 10),
(2023, 1268, 34, 9),
(2024, 1268, 15, 6),
(2025, 1268, 14, 4),
(2026, 1269, 40, 4),
(2027, 1269, 23, 6),
(2028, 1269, 19, 4),
(2029, 1269, 11, 10),
(2030, 1270, 1, 6),
(2031, 1270, 27, 7),
(2032, 1270, 21, 6),
(2033, 1270, 22, 3),
(2034, 1271, 24, 6),
(2035, 1272, 35, 5),
(2036, 1272, 11, 4),
(2037, 1272, 2, 1),
(2038, 1272, 41, 8),
(2039, 1273, 41, 7),
(2040, 1273, 5, 1),
(2041, 1273, 23, 10),
(2042, 1273, 28, 2),
(2043, 1274, 9, 5),
(2044, 1274, 39, 6),
(2045, 1275, 6, 7),
(2046, 1276, 27, 6),
(2047, 1276, 2, 2),
(2048, 1277, 21, 10),
(2049, 1277, 13, 4),
(2050, 1277, 36, 5),
(2051, 1277, 32, 1),
(2052, 1277, 2, 2),
(2053, 1278, 40, 9),
(2054, 1279, 29, 7),
(2055, 1279, 38, 4),
(2056, 1279, 22, 7),
(2057, 1279, 15, 10),
(2058, 1279, 6, 9),
(2059, 1280, 45, 6),
(2060, 1280, 16, 4),
(2061, 1280, 27, 3),
(2062, 1280, 19, 4),
(2063, 1280, 38, 7),
(2064, 1280, 13, 10),
(2065, 1281, 17, 2),
(2066, 1281, 37, 8),
(2067, 1282, 30, 3),
(2068, 1282, 11, 9),
(2069, 1282, 18, 6),
(2070, 1283, 8, 10),
(2071, 1283, 41, 3),
(2072, 1283, 31, 4),
(2073, 1283, 7, 2),
(2074, 1283, 17, 9),
(2075, 1283, 11, 5),
(2076, 1284, 28, 9),
(2077, 1284, 17, 4),
(2078, 1284, 5, 8),
(2079, 1284, 29, 4),
(2080, 1284, 31, 5),
(2081, 1284, 33, 2),
(2082, 1285, 3, 8),
(2083, 1285, 13, 3),
(2084, 1286, 37, 3),
(2085, 1286, 36, 7),
(2086, 1286, 31, 7),
(2087, 1286, 11, 2),
(2088, 1286, 30, 1),
(2089, 1287, 43, 2),
(2090, 1287, 22, 9),
(2091, 1288, 9, 5),
(2092, 1288, 14, 4),
(2093, 1288, 8, 8),
(2094, 1289, 45, 7),
(2095, 1289, 11, 8),
(2096, 1289, 28, 1),
(2097, 1289, 33, 9),
(2098, 1289, 18, 10),
(2099, 1290, 41, 4),
(2100, 1290, 8, 4),
(2101, 1290, 38, 2),
(2102, 1290, 35, 10),
(2103, 1290, 11, 2),
(2104, 1291, 25, 2),
(2105, 1291, 44, 2),
(2106, 1291, 42, 8),
(2107, 1291, 1, 4),
(2108, 1292, 19, 1),
(2109, 1292, 3, 4),
(2110, 1292, 38, 4),
(2111, 1293, 18, 7),
(2112, 1293, 24, 9),
(2113, 1293, 11, 6),
(2114, 1293, 38, 10),
(2115, 1293, 35, 8),
(2116, 1294, 34, 4),
(2117, 1294, 26, 3),
(2118, 1294, 17, 3),
(2119, 1294, 45, 10),
(2120, 1294, 43, 9),
(2121, 1295, 26, 5),
(2122, 1296, 6, 10),
(2123, 1296, 27, 6),
(2124, 1296, 9, 1),
(2125, 1296, 28, 10),
(2126, 1296, 45, 8),
(2127, 1297, 6, 8),
(2128, 1297, 16, 10),
(2129, 1297, 39, 4),
(2130, 1298, 9, 7),
(2131, 1298, 13, 3),
(2132, 1298, 7, 9),
(2133, 1298, 35, 9),
(2134, 1299, 21, 3),
(2135, 1299, 27, 10),
(2136, 1299, 10, 6),
(2137, 1300, 3, 2),
(2138, 1300, 29, 9),
(2139, 1300, 4, 3),
(2140, 1301, 26, 5),
(2141, 1301, 29, 9),
(2142, 1301, 27, 4),
(2143, 1301, 3, 4),
(2144, 1301, 28, 5),
(2145, 1301, 33, 5),
(2146, 1302, 41, 10),
(2147, 1302, 22, 2),
(2148, 1302, 14, 7),
(2149, 1302, 32, 9),
(2150, 1303, 29, 4),
(2151, 1303, 24, 8),
(2152, 1303, 25, 4),
(2153, 1303, 43, 5),
(2154, 1303, 34, 9),
(2155, 1304, 35, 5),
(2156, 1304, 28, 4),
(2157, 1304, 26, 1),
(2158, 1305, 25, 8),
(2159, 1305, 42, 10),
(2160, 1305, 45, 4),
(2161, 1305, 6, 5),
(2162, 1305, 34, 1),
(2163, 1305, 31, 1),
(2164, 1306, 33, 7),
(2165, 1306, 45, 2),
(2166, 1306, 24, 7),
(2167, 1306, 36, 6),
(2168, 1307, 28, 10),
(2169, 1307, 37, 5),
(2170, 1308, 23, 2),
(2171, 1308, 27, 7),
(2172, 1308, 37, 4),
(2173, 1308, 7, 2),
(2174, 1308, 38, 7),
(2175, 1309, 31, 8),
(2176, 1309, 8, 3),
(2177, 1310, 30, 10),
(2178, 1310, 25, 6),
(2179, 1310, 26, 4),
(2180, 1310, 16, 8),
(2181, 1310, 18, 10),
(2182, 1311, 28, 6),
(2183, 1312, 24, 1),
(2184, 1312, 38, 9),
(2185, 1312, 35, 3),
(2186, 1312, 3, 6),
(2187, 1312, 34, 1),
(2188, 1312, 31, 7),
(2189, 1313, 31, 8),
(2190, 1314, 20, 7),
(2191, 1314, 44, 1),
(2192, 1315, 4, 10),
(2193, 1315, 14, 7),
(2194, 1315, 8, 9),
(2195, 1315, 42, 10),
(2196, 1315, 41, 8),
(2197, 1316, 13, 6),
(2198, 1316, 3, 8),
(2199, 1317, 32, 8),
(2200, 1317, 15, 1),
(2201, 1317, 34, 7),
(2202, 1317, 16, 4),
(2203, 1317, 19, 5),
(2204, 1318, 28, 10),
(2205, 1318, 34, 4),
(2206, 1319, 6, 2),
(2207, 1319, 33, 8),
(2208, 1319, 3, 9),
(2209, 1320, 41, 5),
(2210, 1320, 33, 5),
(2211, 1320, 29, 5),
(2212, 1321, 23, 7),
(2213, 1321, 11, 3),
(2214, 1321, 26, 6),
(2215, 1321, 34, 9),
(2216, 1322, 16, 6),
(2217, 1322, 20, 7),
(2218, 1322, 44, 2),
(2219, 1322, 1, 1),
(2220, 1322, 10, 9),
(2221, 1323, 6, 9),
(2222, 1324, 37, 7),
(2223, 1324, 35, 10),
(2224, 1325, 1, 10),
(2225, 1326, 42, 1),
(2226, 1327, 33, 10),
(2227, 1327, 8, 8),
(2228, 1327, 3, 2),
(2229, 1328, 41, 8),
(2230, 1328, 37, 2),
(2231, 1328, 31, 4),
(2232, 1328, 24, 2),
(2233, 1329, 12, 6),
(2234, 1329, 19, 7),
(2235, 1330, 15, 8),
(2236, 1331, 43, 8),
(2237, 1331, 26, 5),
(2238, 1331, 45, 10),
(2239, 1331, 23, 4),
(2240, 1332, 12, 2),
(2241, 1333, 29, 9),
(2242, 1333, 18, 7),
(2243, 1333, 35, 9),
(2244, 1334, 39, 10),
(2245, 1334, 35, 10),
(2246, 1334, 20, 7),
(2247, 1334, 15, 7),
(2248, 1334, 1, 3),
(2249, 1334, 10, 10),
(2250, 1335, 14, 9),
(2251, 1335, 26, 9),
(2252, 1335, 22, 1),
(2253, 1336, 31, 10),
(2254, 1336, 34, 4),
(2255, 1336, 26, 3),
(2256, 1336, 30, 8),
(2257, 1336, 42, 7),
(2258, 1336, 40, 5),
(2259, 1337, 36, 5),
(2260, 1337, 20, 2),
(2261, 1337, 3, 2),
(2262, 1337, 12, 3),
(2263, 1338, 26, 8),
(2264, 1338, 41, 10),
(2265, 1338, 40, 7),
(2266, 1338, 44, 3),
(2267, 1339, 38, 9),
(2268, 1339, 9, 2),
(2269, 1339, 41, 6),
(2270, 1339, 44, 10),
(2271, 1339, 30, 7),
(2272, 1339, 24, 10),
(2273, 1340, 41, 1),
(2274, 1340, 20, 8),
(2275, 1340, 9, 5),
(2276, 1340, 45, 5),
(2277, 1340, 3, 4),
(2278, 1341, 23, 7),
(2279, 1341, 24, 2),
(2280, 1341, 30, 1),
(2281, 1341, 37, 6),
(2282, 1342, 6, 5),
(2283, 1342, 30, 6),
(2284, 1342, 3, 4),
(2285, 1342, 39, 2),
(2286, 1342, 20, 2),
(2287, 1342, 26, 8),
(2288, 1343, 39, 8),
(2289, 1343, 15, 5),
(2290, 1344, 33, 1),
(2291, 1345, 26, 4),
(2292, 1345, 18, 1),
(2293, 1345, 16, 2),
(2294, 1346, 34, 8),
(2295, 1346, 19, 9),
(2296, 1346, 7, 3),
(2297, 1346, 32, 1),
(2298, 1346, 3, 8),
(2299, 1347, 1, 2),
(2300, 1347, 9, 5),
(2301, 1348, 20, 4),
(2302, 1348, 35, 8),
(2303, 1348, 26, 1),
(2304, 1348, 12, 6),
(2305, 1348, 3, 7),
(2306, 1349, 34, 1),
(2307, 1350, 37, 5),
(2308, 1350, 15, 3),
(2309, 1351, 1, 10),
(2310, 1351, 29, 7),
(2311, 1351, 7, 7),
(2312, 1351, 22, 6),
(2313, 1352, 33, 5),
(2314, 1352, 39, 7),
(2315, 1352, 32, 6),
(2316, 1353, 1, 2),
(2317, 1353, 26, 5),
(2318, 1353, 3, 6),
(2319, 1354, 3, 2),
(2320, 1354, 35, 4),
(2321, 1354, 23, 5),
(2322, 1354, 9, 10),
(2323, 1354, 16, 6),
(2324, 1355, 20, 9),
(2325, 1355, 40, 2),
(2326, 1356, 32, 1),
(2327, 1356, 41, 4),
(2328, 1357, 34, 4),
(2329, 1358, 22, 9),
(2330, 1359, 19, 4),
(2331, 1359, 16, 4),
(2332, 1360, 16, 6),
(2333, 1360, 43, 8),
(2334, 1360, 37, 3),
(2335, 1361, 36, 9),
(2336, 1361, 31, 9),
(2337, 1361, 19, 5),
(2338, 1361, 2, 1),
(2339, 1361, 15, 9),
(2340, 1361, 26, 9),
(2341, 1362, 8, 1),
(2342, 1362, 35, 7),
(2343, 1362, 13, 4),
(2344, 1363, 37, 3),
(2345, 1363, 7, 6),
(2346, 1363, 21, 4),
(2347, 1364, 31, 6),
(2348, 1365, 5, 9),
(2349, 1365, 13, 10),
(2350, 1365, 9, 9),
(2351, 1366, 12, 3),
(2352, 1366, 37, 4),
(2353, 1366, 15, 8),
(2354, 1367, 21, 2),
(2355, 1367, 26, 1),
(2356, 1367, 9, 1),
(2357, 1368, 22, 7),
(2358, 1369, 10, 6),
(2359, 1369, 18, 9),
(2360, 1369, 36, 10),
(2361, 1369, 43, 7),
(2362, 1369, 27, 3),
(2363, 1370, 11, 10),
(2364, 1370, 27, 6),
(2365, 1370, 5, 2),
(2366, 1370, 20, 4),
(2367, 1370, 15, 1),
(2368, 1371, 18, 10),
(2369, 1371, 35, 10),
(2370, 1371, 17, 7),
(2371, 1372, 31, 10),
(2372, 1372, 44, 7),
(2373, 1372, 40, 6),
(2374, 1372, 33, 6),
(2375, 1372, 12, 7),
(2376, 1373, 12, 7),
(2377, 1373, 3, 7),
(2378, 1374, 31, 10),
(2379, 1374, 15, 3),
(2380, 1374, 42, 1),
(2381, 1374, 10, 5),
(2382, 1374, 33, 3),
(2383, 1375, 9, 9),
(2384, 1375, 3, 4),
(2385, 1376, 24, 2),
(2386, 1376, 9, 1),
(2387, 1376, 38, 5),
(2388, 1376, 7, 10),
(2389, 1376, 27, 1),
(2390, 1377, 19, 1),
(2391, 1377, 5, 9),
(2392, 1377, 23, 8),
(2393, 1377, 3, 3),
(2394, 1377, 45, 9),
(2395, 1377, 35, 1),
(2396, 1378, 39, 10),
(2397, 1378, 38, 9),
(2398, 1379, 36, 5),
(2399, 1380, 31, 9),
(2400, 1381, 1, 7),
(2401, 1382, 2, 9),
(2402, 1383, 29, 8),
(2403, 1383, 28, 8),
(2404, 1383, 8, 8),
(2405, 1383, 14, 1),
(2406, 1383, 39, 5),
(2407, 1384, 36, 5),
(2408, 1384, 31, 2),
(2409, 1384, 39, 9),
(2410, 1385, 45, 6),
(2411, 1385, 27, 2),
(2412, 1385, 19, 7),
(2413, 1385, 18, 5),
(2414, 1385, 20, 10),
(2415, 1385, 32, 6),
(2416, 1386, 44, 6),
(2417, 1386, 28, 5),
(2418, 1386, 37, 1),
(2419, 1387, 24, 6),
(2420, 1387, 36, 7),
(2421, 1387, 42, 2),
(2422, 1387, 27, 5),
(2423, 1388, 22, 5),
(2424, 1388, 33, 8),
(2425, 1388, 16, 7),
(2426, 1388, 3, 7),
(2427, 1388, 5, 4),
(2428, 1388, 27, 6),
(2429, 1389, 12, 10),
(2430, 1389, 30, 6),
(2431, 1389, 20, 5),
(2432, 1389, 8, 3),
(2433, 1389, 9, 9),
(2434, 1390, 30, 3),
(2435, 1390, 21, 8),
(2436, 1390, 23, 5),
(2437, 1390, 27, 4),
(2438, 1390, 16, 6),
(2439, 1390, 40, 2),
(2440, 1391, 23, 7),
(2441, 1391, 5, 9),
(2442, 1391, 38, 8),
(2443, 1391, 39, 1),
(2444, 1391, 30, 4),
(2445, 1392, 5, 5),
(2446, 1392, 30, 2),
(2447, 1392, 43, 2),
(2448, 1392, 41, 9),
(2449, 1392, 39, 10),
(2450, 1392, 10, 3),
(2451, 1393, 10, 10),
(2452, 1393, 24, 10),
(2453, 1393, 5, 2),
(2454, 1393, 45, 3),
(2455, 1393, 35, 6),
(2456, 1394, 26, 8),
(2457, 1394, 25, 7),
(2458, 1395, 17, 1),
(2459, 1395, 35, 1),
(2460, 1395, 22, 9),
(2461, 1396, 14, 6),
(2462, 1396, 20, 3),
(2463, 1396, 15, 10),
(2464, 1396, 17, 5),
(2465, 1397, 1, 7),
(2466, 1397, 22, 2),
(2467, 1397, 19, 5),
(2468, 1398, 16, 8),
(2469, 1398, 9, 3),
(2470, 1398, 33, 3),
(2471, 1398, 3, 9),
(2472, 1399, 2, 10),
(2473, 1399, 22, 2),
(2474, 1399, 20, 5),
(2475, 1399, 35, 3),
(2476, 1399, 7, 1),
(2477, 1399, 26, 1),
(2478, 1400, 32, 4),
(2479, 1401, 7, 10),
(2480, 1401, 41, 2),
(2481, 1401, 43, 4),
(2482, 1402, 20, 2),
(2483, 1402, 6, 5),
(2484, 1402, 33, 10),
(2485, 1402, 16, 6),
(2486, 1402, 9, 6),
(2487, 1402, 23, 2),
(2488, 1403, 9, 6),
(2489, 1403, 27, 4),
(2490, 1404, 12, 9),
(2491, 1405, 30, 2),
(2492, 1405, 17, 3),
(2493, 1405, 40, 8),
(2494, 1405, 13, 6),
(2495, 1405, 11, 3),
(2496, 1405, 39, 3),
(2497, 1406, 22, 3),
(2498, 1406, 36, 6),
(2499, 1406, 27, 7),
(2500, 1406, 15, 3),
(2501, 1407, 33, 4),
(2502, 1407, 36, 3),
(2503, 1407, 41, 6),
(2504, 1408, 42, 5),
(2505, 1408, 8, 3),
(2506, 1408, 14, 3),
(2507, 1408, 15, 7),
(2508, 1409, 33, 7),
(2509, 1409, 31, 5),
(2510, 1409, 4, 5),
(2511, 1409, 45, 10),
(2512, 1410, 37, 7),
(2513, 1410, 32, 10),
(2514, 1410, 44, 2),
(2515, 1411, 41, 10),
(2516, 1412, 27, 5),
(2517, 1412, 16, 2),
(2518, 1412, 43, 3),
(2519, 1412, 42, 6),
(2520, 1412, 32, 7),
(2521, 1412, 38, 4),
(2522, 1413, 36, 5),
(2523, 1413, 1, 4),
(2524, 1413, 43, 7),
(2525, 1413, 42, 7),
(2526, 1413, 45, 8),
(2527, 1413, 19, 1),
(2528, 1414, 29, 4),
(2529, 1414, 20, 5),
(2530, 1414, 16, 1),
(2531, 1414, 15, 9),
(2532, 1414, 31, 4),
(2533, 1414, 36, 8),
(2534, 1415, 10, 3),
(2535, 1415, 28, 5),
(2536, 1415, 31, 4),
(2537, 1416, 42, 4),
(2538, 1416, 5, 2),
(2539, 1416, 7, 2),
(2540, 1416, 17, 1),
(2541, 1417, 24, 8),
(2542, 1417, 37, 3),
(2543, 1417, 27, 7),
(2544, 1417, 20, 8),
(2545, 1417, 25, 8),
(2546, 1417, 8, 7),
(2547, 1418, 12, 4),
(2548, 1418, 39, 8),
(2549, 1418, 30, 5),
(2550, 1419, 31, 10),
(2551, 1419, 40, 8),
(2552, 1419, 38, 3),
(2553, 1419, 5, 2),
(2554, 1420, 5, 5),
(2555, 1420, 38, 8),
(2556, 1420, 13, 6),
(2557, 1420, 21, 8),
(2558, 1420, 43, 2),
(2559, 1420, 26, 10),
(2560, 1421, 40, 9),
(2561, 1421, 9, 10),
(2562, 1421, 32, 9),
(2563, 1421, 4, 4),
(2564, 1422, 8, 4),
(2565, 1422, 6, 6),
(2566, 1422, 10, 6),
(2567, 1422, 40, 9),
(2568, 1422, 28, 5),
(2569, 1423, 42, 2),
(2570, 1423, 6, 3),
(2571, 1423, 14, 2),
(2572, 1423, 37, 7),
(2573, 1424, 11, 4),
(2574, 1425, 15, 10),
(2575, 1425, 2, 3),
(2576, 1425, 5, 5),
(2577, 1426, 26, 9),
(2578, 1426, 30, 3),
(2579, 1426, 7, 6),
(2580, 1426, 17, 2),
(2581, 1426, 42, 4),
(2582, 1426, 24, 6),
(2583, 1427, 30, 2),
(2584, 1427, 1, 1),
(2585, 1428, 29, 4),
(2586, 1428, 27, 4),
(2587, 1428, 45, 10),
(2588, 1428, 33, 9),
(2589, 1428, 43, 2),
(2590, 1429, 23, 2),
(2591, 1429, 35, 10),
(2592, 1429, 11, 1),
(2593, 1429, 40, 4),
(2594, 1429, 28, 10),
(2595, 1429, 38, 8),
(2596, 1430, 11, 1),
(2597, 1430, 40, 10),
(2598, 1431, 18, 3),
(2599, 1431, 16, 4),
(2600, 1431, 27, 10),
(2601, 1432, 22, 2),
(2602, 1432, 28, 4),
(2603, 1432, 33, 7),
(2604, 1432, 32, 5),
(2605, 1432, 35, 5),
(2606, 1433, 36, 8),
(2607, 1433, 29, 10),
(2608, 1433, 39, 10),
(2609, 1433, 45, 6),
(2610, 1434, 4, 6),
(2611, 1434, 8, 2),
(2612, 1435, 34, 8),
(2613, 1436, 31, 3),
(2614, 1436, 13, 1),
(2615, 1436, 41, 1),
(2616, 1436, 44, 1),
(2617, 1436, 22, 10),
(2618, 1437, 43, 6),
(2619, 1438, 16, 7),
(2620, 1439, 9, 1),
(2621, 1439, 24, 8),
(2622, 1440, 35, 3),
(2623, 1441, 30, 9),
(2624, 1441, 27, 9),
(2625, 1441, 25, 7),
(2626, 1442, 15, 9),
(2627, 1442, 38, 3),
(2628, 1442, 10, 3),
(2629, 1443, 38, 2),
(2630, 1443, 10, 10),
(2631, 1443, 21, 7),
(2632, 1444, 42, 8),
(2633, 1444, 15, 1),
(2634, 1445, 7, 10),
(2635, 1445, 40, 5),
(2636, 1445, 11, 10),
(2637, 1446, 7, 3),
(2638, 1446, 19, 4),
(2639, 1447, 31, 5),
(2640, 1447, 23, 7),
(2641, 1447, 17, 2),
(2642, 1447, 2, 5),
(2643, 1447, 5, 8),
(2644, 1448, 2, 7),
(2645, 1448, 14, 5),
(2646, 1448, 4, 8),
(2647, 1448, 5, 8),
(2648, 1448, 24, 1),
(2649, 1449, 17, 7),
(2650, 1449, 9, 7),
(2651, 1449, 41, 9),
(2652, 1450, 19, 8),
(2653, 1451, 7, 2),
(2654, 1452, 33, 1),
(2655, 1452, 1, 7),
(2656, 1453, 22, 8),
(2657, 1453, 18, 8),
(2658, 1454, 1, 1),
(2659, 1454, 12, 4),
(2660, 1454, 8, 7),
(2661, 1454, 10, 8),
(2662, 1454, 28, 8),
(2663, 1455, 38, 10),
(2664, 1455, 23, 1),
(2665, 1455, 43, 5),
(2666, 1455, 34, 9),
(2667, 1455, 28, 9),
(2668, 1455, 6, 10),
(2669, 1456, 39, 2),
(2670, 1457, 33, 7),
(2671, 1458, 25, 1),
(2672, 1458, 43, 8),
(2673, 1458, 9, 10),
(2674, 1458, 45, 6),
(2675, 1459, 4, 2),
(2676, 1460, 9, 6),
(2677, 1460, 26, 7),
(2678, 1460, 7, 8),
(2679, 1460, 4, 1),
(2680, 1460, 31, 9),
(2681, 1460, 29, 10),
(2682, 1461, 39, 6),
(2683, 1461, 25, 9),
(2684, 1461, 5, 1),
(2685, 1461, 34, 2),
(2686, 1461, 29, 10),
(2687, 1461, 31, 7),
(2688, 1462, 16, 8),
(2689, 1462, 40, 9),
(2690, 1462, 36, 6),
(2691, 1463, 21, 3),
(2692, 1463, 14, 10),
(2693, 1463, 25, 7),
(2694, 1463, 18, 2),
(2695, 1463, 10, 6),
(2696, 1464, 28, 10),
(2697, 1464, 24, 7),
(2698, 1464, 41, 5),
(2699, 1464, 15, 9),
(2700, 1464, 31, 2),
(2701, 1464, 12, 7),
(2702, 1465, 45, 9),
(2703, 1465, 39, 6),
(2704, 1465, 42, 8),
(2705, 1466, 20, 9),
(2706, 1466, 39, 9),
(2707, 1467, 2, 9),
(2708, 1467, 6, 8),
(2709, 1467, 17, 10),
(2710, 1468, 20, 8),
(2711, 1468, 45, 2),
(2712, 1468, 32, 6),
(2713, 1469, 2, 9),
(2714, 1469, 40, 10),
(2715, 1469, 19, 10),
(2716, 1469, 24, 3),
(2717, 1469, 5, 6),
(2718, 1469, 4, 2),
(2719, 1470, 7, 6),
(2720, 1470, 43, 8),
(2721, 1470, 38, 8),
(2722, 1471, 41, 3),
(2723, 1472, 22, 10),
(2724, 1472, 7, 4),
(2725, 1472, 24, 8),
(2726, 1472, 20, 9),
(2727, 1472, 18, 4),
(2728, 1473, 14, 3),
(2729, 1473, 10, 4),
(2730, 1473, 38, 8),
(2731, 1473, 15, 1),
(2732, 1473, 12, 5),
(2733, 1474, 5, 3),
(2734, 1474, 12, 2),
(2735, 1474, 14, 6),
(2736, 1474, 16, 1),
(2737, 1474, 17, 2),
(2738, 1475, 39, 6),
(2739, 1475, 40, 9),
(2740, 1475, 26, 8),
(2741, 1475, 1, 1),
(2742, 1476, 40, 7),
(2743, 1476, 9, 1),
(2744, 1477, 29, 8),
(2745, 1477, 36, 3),
(2746, 1477, 9, 6),
(2747, 1477, 7, 4),
(2748, 1477, 22, 9),
(2749, 1477, 19, 5),
(2750, 1478, 19, 4),
(2751, 1478, 23, 7),
(2752, 1478, 35, 10),
(2753, 1479, 40, 7),
(2754, 1480, 5, 1),
(2755, 1480, 19, 4),
(2756, 1481, 43, 4),
(2757, 1481, 41, 1);
INSERT INTO `細目列項` (`編號`, `訂單編號`, `產品編號`, `數量`) VALUES
(2758, 1481, 31, 6),
(2759, 1481, 10, 9),
(2760, 1481, 11, 5),
(2761, 1482, 12, 5),
(2762, 1482, 4, 1),
(2763, 1482, 11, 9),
(2764, 1482, 26, 4),
(2765, 1483, 42, 4),
(2766, 1483, 21, 1),
(2767, 1484, 40, 7),
(2768, 1485, 5, 8),
(2769, 1486, 43, 8),
(2770, 1486, 39, 1),
(2771, 1486, 35, 10),
(2772, 1486, 2, 6),
(2773, 1486, 8, 2),
(2774, 1487, 18, 5),
(2775, 1487, 7, 5),
(2776, 1487, 41, 7),
(2777, 1487, 25, 6),
(2778, 1487, 39, 3),
(2779, 1488, 37, 4),
(2780, 1488, 27, 7),
(2781, 1488, 42, 3),
(2782, 1488, 1, 9),
(2783, 1489, 20, 5),
(2784, 1489, 36, 10),
(2785, 1489, 21, 2),
(2786, 1490, 35, 7),
(2787, 1490, 19, 4),
(2788, 1490, 22, 2),
(2789, 1490, 33, 7),
(2790, 1490, 13, 3),
(2791, 1490, 28, 7),
(2792, 1491, 25, 1),
(2793, 1491, 18, 3),
(2794, 1492, 31, 4),
(2795, 1493, 14, 7),
(2796, 1493, 31, 2),
(2797, 1493, 3, 1),
(2798, 1493, 20, 7),
(2799, 1493, 21, 10),
(2800, 1494, 7, 5),
(2801, 1494, 33, 8),
(2802, 1494, 20, 3),
(2803, 1495, 28, 4),
(2804, 1495, 22, 2),
(2805, 1496, 16, 6),
(2806, 1496, 28, 5),
(2807, 1496, 34, 10),
(2808, 1496, 4, 1),
(2809, 1496, 26, 4),
(2810, 1497, 32, 3),
(2811, 1497, 8, 10),
(2812, 1497, 28, 7),
(2813, 1498, 32, 1),
(2814, 1498, 43, 9),
(2815, 1498, 20, 4),
(2816, 1499, 45, 10),
(2817, 1500, 11, 9),
(2818, 1500, 13, 8),
(2819, 1500, 17, 5),
(2820, 1500, 41, 3),
(2821, 1501, 25, 1),
(2822, 1501, 26, 3),
(2823, 1501, 32, 9),
(2824, 1501, 12, 6),
(2825, 1502, 19, 2),
(2826, 1502, 28, 6),
(2827, 1502, 13, 8),
(2828, 1503, 26, 2),
(2829, 1503, 15, 10),
(2830, 1504, 23, 7),
(2831, 1504, 15, 6),
(2832, 1504, 34, 10),
(2833, 1505, 6, 9),
(2834, 1506, 24, 2),
(2835, 1506, 21, 4),
(2836, 1506, 23, 10),
(2837, 1506, 35, 4),
(2838, 1506, 26, 9),
(2839, 1507, 7, 8),
(2840, 1508, 38, 9),
(2841, 1508, 36, 5),
(2842, 1508, 22, 2),
(2843, 1509, 39, 2),
(2844, 1509, 19, 1),
(2845, 1510, 14, 3),
(2846, 1510, 45, 4),
(2847, 1510, 21, 3),
(2848, 1510, 2, 9),
(2849, 1511, 20, 7),
(2850, 1511, 18, 2),
(2851, 1511, 10, 7),
(2852, 1511, 39, 9),
(2853, 1512, 32, 8),
(2854, 1512, 15, 5),
(2855, 1512, 22, 6),
(2856, 1512, 26, 7),
(2857, 1512, 23, 6),
(2858, 1513, 35, 6),
(2859, 1513, 1, 4),
(2860, 1513, 4, 8),
(2861, 1513, 42, 10),
(2862, 1514, 43, 8),
(2863, 1514, 10, 6),
(2864, 1515, 7, 1),
(2865, 1516, 35, 8),
(2866, 1516, 6, 10),
(2867, 1516, 8, 4),
(2868, 1516, 7, 4),
(2869, 1516, 39, 3),
(2870, 1517, 20, 2),
(2871, 1517, 22, 10),
(2872, 1517, 9, 7),
(2873, 1517, 10, 10),
(2874, 1517, 13, 8),
(2875, 1518, 4, 1),
(2876, 1519, 30, 5),
(2877, 1519, 45, 7),
(2878, 1519, 37, 5),
(2879, 1519, 18, 2),
(2880, 1520, 16, 10),
(2881, 1520, 9, 4),
(2882, 1520, 10, 2),
(2883, 1521, 20, 3),
(2884, 1521, 36, 1),
(2885, 1521, 8, 8),
(2886, 1522, 33, 5),
(2887, 1522, 10, 9),
(2888, 1522, 40, 8),
(2889, 1522, 24, 3),
(2890, 1523, 45, 7),
(2891, 1523, 17, 2),
(2892, 1524, 19, 9),
(2893, 1524, 28, 6),
(2894, 1524, 23, 1),
(2895, 1525, 31, 5),
(2896, 1526, 7, 5),
(2897, 1526, 1, 9),
(2898, 1526, 6, 1),
(2899, 1526, 22, 3),
(2900, 1526, 44, 7),
(2901, 1526, 15, 4),
(2902, 1527, 41, 4),
(2903, 1527, 2, 9),
(2904, 1528, 42, 10),
(2905, 1528, 3, 7),
(2906, 1528, 13, 1),
(2907, 1528, 33, 8),
(2908, 1529, 17, 3),
(2909, 1529, 13, 9),
(2910, 1530, 12, 4),
(2911, 1531, 34, 3),
(2912, 1531, 7, 5),
(2913, 1532, 40, 5),
(2914, 1532, 44, 8),
(2915, 1532, 6, 2),
(2916, 1532, 27, 3),
(2917, 1532, 15, 4),
(2918, 1533, 42, 10),
(2919, 1533, 39, 2),
(2920, 1533, 4, 9),
(2921, 1533, 14, 5),
(2922, 1533, 8, 10),
(2923, 1534, 14, 8),
(2924, 1534, 32, 1),
(2925, 1534, 18, 10),
(2926, 1534, 41, 3),
(2927, 1534, 11, 7),
(2928, 1535, 1, 2),
(2929, 1535, 9, 5),
(2930, 1536, 13, 5),
(2931, 1537, 21, 10),
(2932, 1538, 28, 3),
(2933, 1538, 24, 4),
(2934, 1538, 23, 4),
(2935, 1538, 27, 8),
(2936, 1538, 42, 5),
(2937, 1539, 37, 7),
(2938, 1539, 22, 5),
(2939, 1539, 23, 10),
(2940, 1539, 36, 7),
(2941, 1540, 26, 7),
(2942, 1540, 4, 8),
(2943, 1540, 11, 9),
(2944, 1540, 37, 4),
(2945, 1540, 31, 7),
(2946, 1541, 10, 5),
(2947, 1541, 36, 4),
(2948, 1542, 3, 10),
(2949, 1542, 39, 7),
(2950, 1542, 24, 2),
(2951, 1542, 17, 8),
(2952, 1542, 7, 3),
(2953, 1542, 22, 4),
(2954, 1543, 10, 8),
(2955, 1543, 26, 6),
(2956, 1543, 34, 6),
(2957, 1544, 14, 9),
(2958, 1544, 30, 9),
(2959, 1545, 4, 2),
(2960, 1545, 8, 6),
(2961, 1545, 24, 2),
(2962, 1545, 32, 1),
(2963, 1545, 9, 9),
(2964, 1546, 24, 2),
(2965, 1547, 19, 1),
(2966, 1547, 38, 3),
(2967, 1547, 40, 1),
(2968, 1547, 5, 4),
(2969, 1548, 14, 7),
(2970, 1548, 10, 6),
(2971, 1548, 1, 1),
(2972, 1549, 27, 8),
(2973, 1549, 21, 3),
(2974, 1549, 6, 1),
(2975, 1549, 39, 1),
(2976, 1549, 23, 5),
(2977, 1549, 14, 8),
(2978, 1550, 7, 3),
(2979, 1550, 34, 5),
(2980, 1550, 9, 5),
(2981, 1550, 26, 7),
(2982, 1551, 4, 1),
(2983, 1551, 25, 3),
(2984, 1551, 42, 2),
(2985, 1551, 3, 3),
(2986, 1552, 34, 3),
(2987, 1552, 38, 2),
(2988, 1552, 4, 4),
(2989, 1552, 40, 7),
(2990, 1553, 12, 2),
(2991, 1553, 10, 6),
(2992, 1554, 35, 4),
(2993, 1554, 45, 10),
(2994, 1554, 38, 6),
(2995, 1555, 30, 6),
(2996, 1555, 39, 5),
(2997, 1555, 10, 8),
(2998, 1555, 27, 1),
(2999, 1556, 37, 10),
(3000, 1556, 38, 4),
(3001, 1556, 26, 2),
(3002, 1557, 35, 6),
(3003, 1557, 11, 5),
(3004, 1558, 1, 9),
(3005, 1558, 11, 9),
(3006, 1558, 6, 5),
(3007, 1559, 5, 2),
(3008, 1559, 13, 7),
(3009, 1560, 29, 6),
(3010, 1560, 12, 9),
(3011, 1561, 31, 9),
(3012, 1561, 10, 7),
(3013, 1561, 33, 2),
(3014, 1561, 38, 6),
(3015, 1561, 27, 4),
(3016, 1562, 28, 7),
(3017, 1562, 16, 2),
(3018, 1562, 10, 4),
(3019, 1562, 15, 2),
(3020, 1563, 7, 6),
(3021, 1563, 44, 6),
(3022, 1563, 43, 6),
(3023, 1563, 36, 7),
(3024, 1564, 31, 10),
(3025, 1565, 32, 8),
(3026, 1566, 13, 7),
(3027, 1566, 8, 5),
(3028, 1566, 27, 3),
(3029, 1566, 25, 3),
(3030, 1566, 12, 1),
(3031, 1566, 39, 1),
(3032, 1567, 10, 2),
(3033, 1567, 31, 6),
(3034, 1567, 7, 6),
(3035, 1567, 39, 10),
(3036, 1567, 5, 9),
(3037, 1567, 1, 3),
(3038, 1568, 40, 6),
(3039, 1568, 27, 7),
(3040, 1569, 20, 1),
(3041, 1569, 30, 2),
(3042, 1569, 28, 6),
(3043, 1569, 36, 1),
(3044, 1569, 18, 8);

-- --------------------------------------------------------

--
-- 資料表結構 `訂單`
--

CREATE TABLE `訂單` (
  `訂單號碼` int(4) NOT NULL,
  `客戶編號` varchar(5) DEFAULT NULL,
  `訂單日期` date DEFAULT NULL
) ENGINE=InnoDB DEFAULT CHARSET=utf8;

--
-- 傾印資料表的資料 `訂單`
--

INSERT INTO `訂單` (`訂單號碼`, `客戶編號`, `訂單日期`) VALUES
(689, 'A4189', '1996-01-01'),
(690, 'A4189', '1996-01-02'),
(691, 'A4189', '1996-01-02'),
(692, 'R9222', '1996-01-02'),
(693, 'U8476', '1996-01-02'),
(694, 'G9239', '1996-01-03'),
(695, 'Y4492', '1996-01-03'),
(696, 'P0515', '1996-01-03'),
(697, 'N4533', '1996-01-04'),
(698, 'E2210', '1996-01-05'),
(699, 'E6984', '1996-01-05'),
(700, 'O0502', '1996-01-05'),
(701, 'T3948', '1996-01-05'),
(702, 'J5331', '1996-01-06'),
(703, 'O7588', '1996-01-06'),
(704, 'G5743', '1996-01-06'),
(705, 'P7646', '1996-01-06'),
(706, 'R3407', '1996-01-07'),
(707, 'C0330', '1996-01-07'),
(708, 'L4661', '1996-01-07'),
(709, 'W5189', '1996-01-08'),
(710, 'E0163', '1996-01-08'),
(711, 'E2210', '1996-01-09'),
(712, 'I9163', '1996-01-09'),
(713, 'C0724', '1996-01-10'),
(714, 'Y2974', '1996-01-10'),
(715, 'F2672', '1996-01-10'),
(716, 'A4189', '1996-01-11'),
(717, 'Z9225', '1996-01-11'),
(718, 'D4797', '1996-01-12'),
(719, 'R8826', '1996-01-12'),
(720, 'I9163', '1996-01-13'),
(721, 'R3407', '1996-01-13'),
(722, 'I9163', '1996-01-13'),
(723, 'Q6048', '1996-01-13'),
(724, 'G9239', '1996-01-14'),
(725, 'R9222', '1996-01-16'),
(726, 'Y2347', '1996-01-16'),
(727, 'V4250', '1996-01-17'),
(728, 'Q7584', '1996-01-17'),
(729, 'R8826', '1996-01-18'),
(730, 'Q0419', '1996-01-18'),
(731, 'K8343', '1996-01-18'),
(732, 'A4189', '1996-01-18'),
(733, 'G9239', '1996-01-19'),
(734, 'E0163', '1996-01-21'),
(735, 'K7620', '1996-01-22'),
(736, 'T7874', '1996-01-22'),
(737, 'Q7584', '1996-01-22'),
(738, 'W5762', '1996-01-22'),
(739, 'H2186', '1996-01-23'),
(740, 'N7982', '1996-01-23'),
(741, 'M4457', '1996-01-25'),
(742, 'Z8611', '1996-01-25'),
(743, 'K4830', '1996-01-25'),
(744, 'I2192', '1996-01-25'),
(745, 'D4797', '1996-01-26'),
(746, 'C0724', '1996-01-26'),
(747, 'G9484', '1996-01-26'),
(748, 'N4533', '1996-01-26'),
(749, 'P0887', '1996-01-27'),
(750, 'P1323', '1996-01-28'),
(751, 'A5654', '1996-01-28'),
(752, 'Z8611', '1996-01-29'),
(753, 'R8826', '1996-01-29'),
(754, 'P7646', '1996-01-30'),
(755, 'P9537', '1996-01-30'),
(756, 'L8096', '1996-01-30'),
(757, 'X5031', '1996-01-30'),
(758, 'P4638', '1996-01-31'),
(759, 'N7982', '1996-01-31'),
(760, 'G9033', '1996-01-31'),
(761, 'Y1191', '1996-02-01'),
(762, 'W3694', '1996-02-01'),
(763, 'T1260', '1996-02-03'),
(764, 'K4830', '1996-02-06'),
(765, 'G9239', '1996-02-07'),
(766, 'R5377', '1996-02-07'),
(767, 'P0515', '1996-02-07'),
(768, 'W3906', '1996-02-08'),
(769, 'E6984', '1996-02-08'),
(770, 'K4830', '1996-02-08'),
(771, 'E0163', '1996-02-09'),
(772, 'G0025', '1996-02-09'),
(773, 'O0502', '1996-02-09'),
(774, 'G5743', '1996-02-09'),
(775, 'W5189', '1996-02-10'),
(776, 'K4318', '1996-02-10'),
(777, 'G6894', '1996-02-10'),
(778, 'H2186', '1996-02-12'),
(779, 'L8096', '1996-02-12'),
(780, 'R8826', '1996-02-12'),
(781, 'E6984', '1996-02-12'),
(782, 'O7588', '1996-02-13'),
(783, 'E0322', '1996-02-13'),
(784, 'T1260', '1996-02-14'),
(785, 'G0025', '1996-02-14'),
(786, 'N7982', '1996-02-14'),
(787, 'T7874', '1996-02-14'),
(788, 'W6333', '1996-02-15'),
(789, 'Z0825', '1996-02-15'),
(790, 'E1214', '1996-02-15'),
(791, 'O8518', '1996-02-16'),
(792, 'E6984', '1996-02-16'),
(793, 'I8268', '1996-02-16'),
(794, 'W6333', '1996-02-16'),
(795, 'I2192', '1996-02-17'),
(796, 'D4797', '1996-02-19'),
(797, 'D4797', '1996-02-19'),
(798, 'K0691', '1996-02-19'),
(799, 'K4318', '1996-02-21'),
(800, 'K0239', '1996-02-21'),
(801, 'P1539', '1996-02-22'),
(802, 'Q0419', '1996-02-22'),
(803, 'B3629', '1996-02-22'),
(804, 'K0776', '1996-02-23'),
(805, 'L9381', '1996-02-23'),
(806, 'P1539', '1996-02-23'),
(807, 'X5962', '1996-02-25'),
(808, 'X5031', '1996-02-25'),
(809, 'L4661', '1996-02-25'),
(810, 'D4797', '1996-02-26'),
(811, 'M4778', '1996-02-29'),
(812, 'B1540', '1996-03-02'),
(813, 'Q0419', '1996-03-02'),
(814, 'J5245', '1996-03-02'),
(815, 'D5365', '1996-03-04'),
(816, 'G9484', '1996-03-04'),
(817, 'Y1191', '1996-03-04'),
(818, 'O7588', '1996-03-05'),
(819, 'C0330', '1996-03-06'),
(820, 'I8268', '1996-03-06'),
(821, 'M4778', '1996-03-09'),
(822, 'G6894', '1996-03-09'),
(823, 'C0330', '1996-03-09'),
(824, 'Z1284', '1996-03-11'),
(825, 'O6176', '1996-03-11'),
(826, 'X5962', '1996-03-13'),
(827, 'R9222', '1996-03-13'),
(828, 'Y1191', '1996-03-14'),
(829, 'W5762', '1996-03-14'),
(830, 'Z8611', '1996-03-15'),
(831, 'Z8611', '1996-03-17'),
(832, 'F2672', '1996-03-17'),
(833, 'Y2347', '1996-03-17'),
(834, 'W3906', '1996-03-17'),
(835, 'G9033', '1996-03-18'),
(836, 'R8826', '1996-03-18'),
(837, 'M4457', '1996-03-19'),
(838, 'G9239', '1996-03-19'),
(839, 'F2672', '1996-03-19'),
(840, 'P4064', '1996-03-19'),
(841, 'P1539', '1996-03-20'),
(842, 'O8518', '1996-03-20'),
(843, 'Z0375', '1996-03-21'),
(844, 'Z4511', '1996-03-22'),
(845, 'G0920', '1996-03-22'),
(846, 'Y2347', '1996-03-22'),
(847, 'P7646', '1996-03-23'),
(848, 'P1539', '1996-03-23'),
(849, 'K0776', '1996-03-23'),
(850, 'Y4492', '1996-03-23'),
(851, 'B3629', '1996-03-24'),
(852, 'G6697', '1996-03-24'),
(853, 'H9976', '1996-03-24'),
(854, 'Q0419', '1996-03-24'),
(855, 'L9381', '1996-03-26'),
(856, 'K0691', '1996-03-28'),
(857, 'O0502', '1996-03-28'),
(858, 'O8518', '1996-03-28'),
(859, 'K0776', '1996-03-29'),
(860, 'N7982', '1996-03-29'),
(861, 'C0724', '1996-03-30'),
(862, 'A4189', '1996-03-30'),
(863, 'P7646', '1996-03-31'),
(864, 'K0691', '1996-04-01'),
(865, 'H6283', '1996-04-01'),
(866, 'O8518', '1996-04-01'),
(867, 'H9976', '1996-04-05'),
(868, 'M4778', '1996-04-05'),
(869, 'K8343', '1996-04-06'),
(870, 'G9484', '1996-04-06'),
(871, 'I8269', '1996-04-06'),
(872, 'M4778', '1996-04-07'),
(873, 'J5245', '1996-04-12'),
(874, 'P0515', '1996-04-12'),
(875, 'K6746', '1996-04-12'),
(876, 'D4797', '1996-04-12'),
(877, 'D5365', '1996-04-14'),
(878, 'S4488', '1996-04-14'),
(879, 'N7982', '1996-04-15'),
(880, 'G0920', '1996-04-15'),
(881, 'I8268', '1996-04-15'),
(882, 'U1243', '1996-04-16'),
(883, 'T1260', '1996-04-18'),
(884, 'W5189', '1996-04-18'),
(885, 'I8269', '1996-04-18'),
(886, 'C0330', '1996-04-18'),
(887, 'M4457', '1996-04-19'),
(888, 'E2210', '1996-04-20'),
(889, 'U8476', '1996-04-21'),
(890, 'Y2974', '1996-04-21'),
(891, 'A4189', '1996-04-21'),
(892, 'N4533', '1996-04-21'),
(893, 'I8269', '1996-04-22'),
(894, 'P7646', '1996-04-22'),
(895, 'P7646', '1996-04-23'),
(896, 'R3407', '1996-04-23'),
(897, 'E1214', '1996-04-23'),
(898, 'Y0176', '1996-04-23'),
(899, 'H2186', '1996-04-24'),
(900, 'Q3640', '1996-04-25'),
(901, 'R9222', '1996-04-25'),
(902, 'P4064', '1996-04-27'),
(903, 'K6746', '1996-04-27'),
(904, 'W5189', '1996-04-28'),
(905, 'M5477', '1996-04-28'),
(906, 'W5189', '1996-04-30'),
(907, 'E2210', '1996-04-30'),
(908, 'K8343', '1996-04-30'),
(909, 'Q6048', '1996-05-01'),
(910, 'K4318', '1996-05-01'),
(911, 'P0887', '1996-05-01'),
(912, 'M4778', '1996-05-01'),
(913, 'E0322', '1996-05-02'),
(914, 'R5377', '1996-05-02'),
(915, 'O6176', '1996-05-02'),
(916, 'K0239', '1996-05-03'),
(917, 'S4488', '1996-05-03'),
(918, 'Y1191', '1996-05-03'),
(919, 'J5331', '1996-05-03'),
(920, 'Z0825', '1996-05-04'),
(921, 'P0515', '1996-05-04'),
(922, 'Y4492', '1996-05-04'),
(923, 'B1540', '1996-05-05'),
(924, 'P7646', '1996-05-05'),
(925, 'K6746', '1996-05-06'),
(926, 'P1323', '1996-05-06'),
(927, 'J5245', '1996-05-07'),
(928, 'H4930', '1996-05-09'),
(929, 'Z0825', '1996-05-10'),
(930, 'N7982', '1996-05-10'),
(931, 'Z4511', '1996-05-12'),
(932, 'Z8611', '1996-05-12'),
(933, 'C0724', '1996-05-12'),
(934, 'U8476', '1996-05-12'),
(935, 'K0239', '1996-05-13'),
(936, 'U8476', '1996-05-14'),
(937, 'T7874', '1996-05-14'),
(938, 'E0322', '1996-05-15'),
(939, 'Z0375', '1996-05-16'),
(940, 'O0502', '1996-05-17'),
(941, 'G9033', '1996-05-18'),
(942, 'X5031', '1996-05-18'),
(943, 'B8519', '1996-05-18'),
(944, 'N7982', '1996-05-18'),
(945, 'W5189', '1996-05-19'),
(946, 'Y0176', '1996-05-20'),
(947, 'W5762', '1996-05-21'),
(948, 'K6746', '1996-05-23'),
(949, 'O6176', '1996-05-23'),
(950, 'P4064', '1996-05-23'),
(951, 'A4189', '1996-05-24'),
(952, 'W3694', '1996-05-24'),
(953, 'Y1191', '1996-05-25'),
(954, 'N4533', '1996-05-25'),
(955, 'X5962', '1996-05-25'),
(956, 'Q7584', '1996-05-27'),
(957, 'G9033', '1996-05-27'),
(958, 'Y2347', '1996-05-27'),
(959, 'K4830', '1996-05-28'),
(960, 'G9484', '1996-05-28'),
(961, 'H9976', '1996-05-28'),
(962, 'V4250', '1996-05-29'),
(963, 'Y2974', '1996-05-29'),
(964, 'G9033', '1996-05-29'),
(965, 'P7646', '1996-05-31'),
(966, 'T3948', '1996-05-31'),
(967, 'K4830', '1996-05-31'),
(968, 'U8476', '1996-05-31'),
(969, 'Z1391', '1996-06-01'),
(970, 'L4661', '1996-06-02'),
(971, 'Q6048', '1996-06-02'),
(972, 'W5762', '1996-06-02'),
(973, 'I9163', '1996-06-03'),
(974, 'G0025', '1996-06-03'),
(975, 'A5654', '1996-06-03'),
(976, 'R3407', '1996-06-05'),
(977, 'S4488', '1996-06-05'),
(978, 'Q0419', '1996-06-05'),
(979, 'U8476', '1996-06-06'),
(980, 'Z0375', '1996-06-06'),
(981, 'G9239', '1996-06-06'),
(982, 'T7874', '1996-06-07'),
(983, 'J5331', '1996-06-07'),
(984, 'Z0825', '1996-06-08'),
(985, 'P4638', '1996-06-09'),
(986, 'E6984', '1996-06-09'),
(987, 'Y0176', '1996-06-09'),
(988, 'P4638', '1996-06-09'),
(989, 'P0887', '1996-06-10'),
(990, 'G9484', '1996-06-10'),
(991, 'K0776', '1996-06-10'),
(992, 'Y4492', '1996-06-11'),
(993, 'K0239', '1996-06-11'),
(994, 'Y0176', '1996-06-11'),
(995, 'Z1284', '1996-06-12'),
(996, 'X5031', '1996-06-12'),
(997, 'A5654', '1996-06-12'),
(998, 'A5654', '1996-06-12'),
(999, 'T3948', '1996-06-13'),
(1000, 'K4830', '1996-06-13'),
(1001, 'I2192', '1996-06-13'),
(1002, 'R8826', '1996-06-13'),
(1003, 'Q3640', '1996-06-14'),
(1004, 'G0025', '1996-06-15'),
(1005, 'T7874', '1996-06-15'),
(1006, 'K0239', '1996-06-15'),
(1007, 'P0887', '1996-06-17'),
(1008, 'E0322', '1996-06-17'),
(1009, 'T3948', '1996-06-17'),
(1010, 'Q6048', '1996-06-17'),
(1011, 'P1539', '1996-06-18'),
(1012, 'G0025', '1996-06-18'),
(1013, 'R8826', '1996-06-18'),
(1014, 'Z8611', '1996-06-19'),
(1015, 'F2672', '1996-06-19'),
(1016, 'F2672', '1996-06-19'),
(1017, 'Z1391', '1996-06-20'),
(1018, 'C0330', '1996-06-20'),
(1019, 'C0330', '1996-06-21'),
(1020, 'P4064', '1996-06-22'),
(1021, 'K4830', '1996-06-22'),
(1022, 'O6176', '1996-06-24'),
(1023, 'T3948', '1996-06-24'),
(1024, 'H4930', '1996-06-24'),
(1025, 'G9239', '1996-06-25'),
(1026, 'T7874', '1996-06-25'),
(1027, 'H2186', '1996-06-26'),
(1028, 'P0515', '1996-06-26'),
(1029, 'G5743', '1996-06-27'),
(1030, 'Z1391', '1996-06-28'),
(1031, 'M4457', '1996-06-28'),
(1032, 'D4797', '1996-06-28'),
(1033, 'Z0375', '1996-07-01'),
(1034, 'C9538', '1996-07-02'),
(1035, 'G9239', '1996-07-02'),
(1036, 'U1243', '1996-07-02'),
(1037, 'X5031', '1996-07-04'),
(1038, 'U1243', '1996-07-04'),
(1039, 'L4661', '1996-07-04'),
(1040, 'R5377', '1996-07-04'),
(1041, 'G9239', '1996-07-05'),
(1042, 'H6283', '1996-07-05'),
(1043, 'G0025', '1996-07-06'),
(1044, 'H6283', '1996-07-06'),
(1045, 'T7874', '1996-07-06'),
(1046, 'H9976', '1996-07-06'),
(1047, 'P7646', '1996-07-07'),
(1048, 'W1012', '1996-07-07'),
(1049, 'I9163', '1996-07-07'),
(1050, 'V4250', '1996-07-07'),
(1051, 'K4830', '1996-07-08'),
(1052, 'P4638', '1996-07-08'),
(1053, 'Z9225', '1996-07-09'),
(1054, 'S4488', '1996-07-10'),
(1055, 'Q0419', '1996-07-10'),
(1056, 'W3906', '1996-07-10'),
(1057, 'W3694', '1996-07-12'),
(1058, 'O6176', '1996-07-13'),
(1059, 'G0920', '1996-07-14'),
(1060, 'M4778', '1996-07-14'),
(1061, 'G6894', '1996-07-15'),
(1062, 'Q0419', '1996-07-15'),
(1063, 'A5654', '1996-07-15'),
(1064, 'G6894', '1996-07-15'),
(1065, 'Y6649', '1996-07-17'),
(1066, 'P4638', '1996-07-18'),
(1067, 'Q7584', '1996-07-18'),
(1068, 'K4318', '1996-07-19'),
(1069, 'Z0375', '1996-07-19'),
(1070, 'X5031', '1996-07-19'),
(1071, 'L4661', '1996-07-20'),
(1072, 'E2210', '1996-07-20'),
(1073, 'I8269', '1996-07-20'),
(1074, 'Z4511', '1996-07-21'),
(1075, 'B1540', '1996-07-21'),
(1076, 'Y4492', '1996-07-23'),
(1077, 'P0515', '1996-07-23'),
(1078, 'P4064', '1996-07-23'),
(1079, 'I8268', '1996-07-24'),
(1080, 'P9537', '1996-07-24'),
(1081, 'P1323', '1996-07-25'),
(1082, 'F2672', '1996-07-25'),
(1083, 'Y1191', '1996-07-25'),
(1084, 'W3906', '1996-07-26'),
(1085, 'O6176', '1996-07-26'),
(1086, 'Z0825', '1996-07-26'),
(1087, 'K8343', '1996-07-26'),
(1088, 'E1214', '1996-07-28'),
(1089, 'Z0375', '1996-07-28'),
(1090, 'W6333', '1996-07-28'),
(1091, 'I8269', '1996-07-28'),
(1092, 'Y5327', '1996-07-29'),
(1093, 'C0724', '1996-08-01'),
(1094, 'P9537', '1996-08-01'),
(1095, 'Z0825', '1996-08-02'),
(1096, 'O8518', '1996-08-02'),
(1097, 'H6283', '1996-08-03'),
(1098, 'T3948', '1996-08-03'),
(1099, 'B1540', '1996-08-04'),
(1100, 'S4488', '1996-08-04'),
(1101, 'B1540', '1996-08-04'),
(1102, 'V4250', '1996-08-04'),
(1103, 'X5031', '1996-08-06'),
(1104, 'S4488', '1996-08-06'),
(1105, 'P7646', '1996-08-07'),
(1106, 'W5762', '1996-08-08'),
(1107, 'O8518', '1996-08-08'),
(1108, 'K7620', '1996-08-09'),
(1109, 'Z9225', '1996-08-10'),
(1110, 'Q3640', '1996-08-11'),
(1111, 'I9163', '1996-08-11'),
(1112, 'Q0419', '1996-08-11'),
(1113, 'X5031', '1996-08-12'),
(1114, 'F2672', '1996-08-12'),
(1115, 'Q3640', '1996-08-12'),
(1116, 'Y2974', '1996-08-12'),
(1117, 'L9381', '1996-08-13'),
(1118, 'D4797', '1996-08-13'),
(1119, 'D4797', '1996-08-13'),
(1120, 'D5365', '1996-08-14'),
(1121, 'B8519', '1996-08-15'),
(1122, 'X5962', '1996-08-15'),
(1123, 'Y2974', '1996-08-15'),
(1124, 'D4797', '1996-08-16'),
(1125, 'W6333', '1996-08-16'),
(1126, 'Q3640', '1996-08-16'),
(1127, 'G9239', '1996-08-16'),
(1128, 'P0515', '1996-08-17'),
(1129, 'D4797', '1996-08-17'),
(1130, 'A4189', '1996-08-17'),
(1131, 'R9222', '1996-08-17'),
(1132, 'H9976', '1996-08-18'),
(1133, 'J5331', '1996-08-18'),
(1134, 'Y1191', '1996-08-18'),
(1135, 'J5245', '1996-08-19'),
(1136, 'H4930', '1996-08-19'),
(1137, 'P1323', '1996-08-20'),
(1138, 'W3694', '1996-08-20'),
(1139, 'P1323', '1996-08-22'),
(1140, 'Q6048', '1996-08-22'),
(1141, 'Y0176', '1996-08-22'),
(1142, 'C0724', '1996-08-23'),
(1143, 'L9381', '1996-08-23'),
(1144, 'X5031', '1996-08-23'),
(1145, 'H4930', '1996-08-23'),
(1146, 'M4457', '1996-08-24'),
(1147, 'W5189', '1996-08-24'),
(1148, 'Y0176', '1996-08-24'),
(1149, 'Q3640', '1996-08-26'),
(1150, 'G9033', '1996-08-26'),
(1151, 'B1540', '1996-08-26'),
(1152, 'R5377', '1996-08-27'),
(1153, 'K0691', '1996-08-28'),
(1154, 'L8096', '1996-08-28'),
(1155, 'K0239', '1996-08-29'),
(1156, 'E1214', '1996-08-30'),
(1157, 'E2210', '1996-08-31'),
(1158, 'G0025', '1996-08-31'),
(1159, 'J5331', '1996-08-31'),
(1160, 'R9222', '1996-09-03'),
(1161, 'P4064', '1996-09-04'),
(1162, 'D4797', '1996-09-04'),
(1163, 'P9537', '1996-09-04'),
(1164, 'Y1191', '1996-09-05'),
(1165, 'H2186', '1996-09-05'),
(1166, 'D4797', '1996-09-05'),
(1167, 'R8826', '1996-09-06'),
(1168, 'C0724', '1996-09-06'),
(1169, 'Z8611', '1996-09-06'),
(1170, 'Q6048', '1996-09-06'),
(1171, 'K6746', '1996-09-08'),
(1172, 'H4930', '1996-09-08'),
(1173, 'Q3640', '1996-09-09'),
(1174, 'I8268', '1996-09-09'),
(1175, 'N7982', '1996-09-09'),
(1176, 'O6176', '1996-09-11'),
(1177, 'Y2347', '1996-09-11'),
(1178, 'L4661', '1996-09-11'),
(1179, 'I2192', '1996-09-11'),
(1180, 'M4457', '1996-09-12'),
(1181, 'W6333', '1996-09-12'),
(1182, 'S4488', '1996-09-12'),
(1183, 'E0163', '1996-09-14'),
(1184, 'E2210', '1996-09-14'),
(1185, 'I8269', '1996-09-16'),
(1186, 'O8518', '1996-09-16'),
(1187, 'T7874', '1996-09-17'),
(1188, 'V4250', '1996-09-18'),
(1189, 'Y1191', '1996-09-18'),
(1190, 'G6894', '1996-09-18'),
(1191, 'O6176', '1996-09-19'),
(1192, 'E0163', '1996-09-20'),
(1193, 'V4250', '1996-09-20'),
(1194, 'K0691', '1996-09-21'),
(1195, 'T1260', '1996-09-21'),
(1196, 'G6894', '1996-09-21'),
(1197, 'W5762', '1996-09-22'),
(1198, 'C9538', '1996-09-22'),
(1199, 'G5743', '1996-09-22'),
(1200, 'L8096', '1996-09-23'),
(1201, 'M4457', '1996-09-23'),
(1202, 'F2672', '1996-09-24'),
(1203, 'T1260', '1996-09-24'),
(1204, 'Y2974', '1996-09-24'),
(1205, 'O8518', '1996-09-24'),
(1206, 'Y6649', '1996-09-26'),
(1207, 'J5331', '1996-09-28'),
(1208, 'Y2974', '1996-09-29'),
(1209, 'Z1391', '1996-09-29'),
(1210, 'I9163', '1996-09-29'),
(1211, 'M4457', '1996-09-30'),
(1212, 'H6283', '1996-10-02'),
(1213, 'J5245', '1996-10-02'),
(1214, 'E1214', '1996-10-02'),
(1215, 'C0330', '1996-10-02'),
(1216, 'I8269', '1996-10-03'),
(1217, 'V4250', '1996-10-03'),
(1218, 'Y1191', '1996-10-03'),
(1219, 'E0163', '1996-10-03'),
(1220, 'K4318', '1996-10-04'),
(1221, 'K0776', '1996-10-04'),
(1222, 'P9537', '1996-10-04'),
(1223, 'K6746', '1996-10-05'),
(1224, 'P0887', '1996-10-05'),
(1225, 'B3629', '1996-10-06'),
(1226, 'Q0419', '1996-10-06'),
(1227, 'G6894', '1996-10-08'),
(1228, 'Z0825', '1996-10-08'),
(1229, 'I2192', '1996-10-09'),
(1230, 'C0330', '1996-10-09'),
(1231, 'T1260', '1996-10-10'),
(1232, 'L8096', '1996-10-11'),
(1233, 'D5365', '1996-10-12'),
(1234, 'E1214', '1996-10-13'),
(1235, 'G9484', '1996-10-13'),
(1236, 'Y1191', '1996-10-13'),
(1237, 'O6176', '1996-10-13'),
(1238, 'A5654', '1996-10-14'),
(1239, 'Y6649', '1996-10-17'),
(1240, 'L8096', '1996-10-17'),
(1241, 'Q0419', '1996-10-17'),
(1242, 'Q7584', '1996-10-19'),
(1243, 'K8343', '1996-10-19'),
(1244, 'O0502', '1996-10-20'),
(1245, 'K0776', '1996-10-20'),
(1246, 'E6984', '1996-10-21'),
(1247, 'Z9225', '1996-10-21'),
(1248, 'Q3640', '1996-10-21'),
(1249, 'P7646', '1996-10-22'),
(1250, 'H9976', '1996-10-22'),
(1251, 'Y2347', '1996-10-22'),
(1252, 'K4318', '1996-10-22'),
(1253, 'G9239', '1996-10-24'),
(1254, 'K4318', '1996-10-24'),
(1255, 'D4797', '1996-10-24'),
(1256, 'P0887', '1996-10-24'),
(1257, 'M4778', '1996-10-25'),
(1258, 'C0724', '1996-10-26'),
(1259, 'Z0825', '1996-10-26'),
(1260, 'F2672', '1996-10-26'),
(1261, 'O7588', '1996-10-26'),
(1262, 'N4533', '1996-10-27'),
(1263, 'Y2347', '1996-10-27'),
(1264, 'E2210', '1996-10-27'),
(1265, 'R3407', '1996-10-27'),
(1266, 'B3629', '1996-10-29'),
(1267, 'O7588', '1996-10-31'),
(1268, 'O6176', '1996-10-31'),
(1269, 'K8343', '1996-10-31'),
(1270, 'F2672', '1996-11-03'),
(1271, 'G0920', '1996-11-03'),
(1272, 'Y6649', '1996-11-03'),
(1273, 'T1260', '1996-11-03'),
(1274, 'W3694', '1996-11-04'),
(1275, 'Y4492', '1996-11-04'),
(1276, 'K4318', '1996-11-05'),
(1277, 'Z1284', '1996-11-05'),
(1278, 'H9976', '1996-11-05'),
(1279, 'Q7584', '1996-11-05'),
(1280, 'O0502', '1996-11-06'),
(1281, 'G6894', '1996-11-06'),
(1282, 'K8343', '1996-11-06'),
(1283, 'E6984', '1996-11-07'),
(1284, 'B8519', '1996-11-08'),
(1285, 'W3694', '1996-11-08'),
(1286, 'O7588', '1996-11-08'),
(1287, 'E1214', '1996-11-09'),
(1288, 'M4778', '1996-11-10'),
(1289, 'L9381', '1996-11-10'),
(1290, 'K6746', '1996-11-10'),
(1291, 'Z0825', '1996-11-11'),
(1292, 'W5762', '1996-11-11'),
(1293, 'E1214', '1996-11-11'),
(1294, 'T3948', '1996-11-11'),
(1295, 'Y0176', '1996-11-12'),
(1296, 'O0502', '1996-11-12'),
(1297, 'F2672', '1996-11-12'),
(1298, 'D5365', '1996-11-14'),
(1299, 'U1243', '1996-11-15'),
(1300, 'Y2974', '1996-11-15'),
(1301, 'K8343', '1996-11-15'),
(1302, 'P7646', '1996-11-18'),
(1303, 'C0724', '1996-11-18'),
(1304, 'T3948', '1996-11-19'),
(1305, 'E0322', '1996-11-19'),
(1306, 'C0724', '1996-11-19'),
(1307, 'Z1391', '1996-11-19'),
(1308, 'C9538', '1996-11-20'),
(1309, 'P0515', '1996-11-20'),
(1310, 'C0330', '1996-11-20'),
(1311, 'D4797', '1996-11-20'),
(1312, 'D4797', '1996-11-21'),
(1313, 'G0920', '1996-11-21'),
(1314, 'K4830', '1996-11-21'),
(1315, 'Z9225', '1996-11-22'),
(1316, 'D5365', '1996-11-22'),
(1317, 'K0776', '1996-11-22'),
(1318, 'Y0176', '1996-11-23'),
(1319, 'X5031', '1996-11-24'),
(1320, 'L4661', '1996-11-24'),
(1321, 'Q0419', '1996-11-24'),
(1322, 'K0239', '1996-11-24'),
(1323, 'K4318', '1996-11-25'),
(1324, 'O6176', '1996-11-25'),
(1325, 'Y0176', '1996-11-25'),
(1326, 'H4930', '1996-11-25'),
(1327, 'K4830', '1996-11-26'),
(1328, 'L9381', '1996-11-26'),
(1329, 'I8268', '1996-11-26'),
(1330, 'G9484', '1996-11-26'),
(1331, 'C0724', '1996-11-27'),
(1332, 'O7588', '1996-11-27'),
(1333, 'H6283', '1996-11-27'),
(1334, 'G0025', '1996-11-28'),
(1335, 'J5245', '1996-11-28'),
(1336, 'W3694', '1996-11-28'),
(1337, 'B3629', '1996-11-29'),
(1338, 'H4930', '1996-11-29'),
(1339, 'Z1391', '1996-11-29'),
(1340, 'B8519', '1996-11-29'),
(1341, 'T7874', '1996-11-30'),
(1342, 'I8269', '1996-11-30'),
(1343, 'E0322', '1996-12-01'),
(1344, 'P9537', '1996-12-01'),
(1345, 'H9976', '1996-12-01'),
(1346, 'E0163', '1996-12-01'),
(1347, 'G9033', '1996-12-03'),
(1348, 'X5031', '1996-12-03'),
(1349, 'G6894', '1996-12-03'),
(1350, 'W5189', '1996-12-03'),
(1351, 'C0330', '1996-12-04'),
(1352, 'C9538', '1996-12-04'),
(1353, 'Y2974', '1996-12-05'),
(1354, 'W6333', '1996-12-05'),
(1355, 'M5477', '1996-12-05'),
(1356, 'Q0419', '1996-12-06'),
(1357, 'G6894', '1996-12-07'),
(1358, 'L9381', '1996-12-07'),
(1359, 'G0920', '1996-12-07'),
(1360, 'W1012', '1996-12-07'),
(1361, 'O7588', '1996-12-08'),
(1362, 'B1540', '1996-12-10'),
(1363, 'Y2974', '1996-12-10'),
(1364, 'N4533', '1996-12-10'),
(1365, 'E6984', '1996-12-11'),
(1366, 'W6333', '1996-12-11'),
(1367, 'C0330', '1996-12-12'),
(1368, 'W5762', '1996-12-12'),
(1369, 'Y4492', '1996-12-12'),
(1370, 'Z9225', '1996-12-13'),
(1371, 'T3948', '1996-12-13'),
(1372, 'Z8611', '1996-12-14'),
(1373, 'L8096', '1996-12-14'),
(1374, 'W5189', '1996-12-14'),
(1375, 'K7620', '1996-12-14'),
(1376, 'E0322', '1996-12-17'),
(1377, 'K4830', '1996-12-17'),
(1378, 'W3694', '1996-12-17'),
(1379, 'R9222', '1996-12-18'),
(1380, 'Z0375', '1996-12-18'),
(1381, 'U8476', '1996-12-18'),
(1382, 'C0724', '1996-12-18'),
(1383, 'G5743', '1996-12-19'),
(1384, 'H4930', '1996-12-19'),
(1385, 'C0724', '1996-12-19'),
(1386, 'H4930', '1996-12-19'),
(1387, 'J5331', '1996-12-20'),
(1388, 'P4638', '1996-12-20'),
(1389, 'P9537', '1996-12-21'),
(1390, 'Z8611', '1996-12-21'),
(1391, 'T1260', '1996-12-21'),
(1392, 'E2210', '1996-12-21'),
(1393, 'P4638', '1996-12-22'),
(1394, 'L4661', '1996-12-22'),
(1395, 'P9537', '1996-12-23'),
(1396, 'C0724', '1996-12-24'),
(1397, 'I9163', '1996-12-26'),
(1398, 'T1260', '1996-12-26'),
(1399, 'W5762', '1996-12-26'),
(1400, 'W1012', '1996-12-26'),
(1401, 'F2672', '1996-12-27'),
(1402, 'P9537', '1996-12-27'),
(1403, 'C0724', '1996-12-27'),
(1404, 'C0724', '1996-12-28'),
(1405, 'P4638', '1996-12-28'),
(1406, 'G9239', '1996-12-28'),
(1407, 'J5331', '1996-12-28'),
(1408, 'Z9225', '1996-12-29'),
(1409, 'Y2347', '1996-12-29'),
(1410, 'G6697', '1996-12-29'),
(1411, 'O7588', '1996-12-30'),
(1412, 'I2192', '1996-12-30'),
(1413, 'P7646', '1996-12-30'),
(1414, 'M4778', '1996-12-31'),
(1415, 'Z1284', '1996-12-31'),
(1416, 'H6283', '1996-12-31'),
(1417, 'K0691', '1996-12-31'),
(1418, 'P7646', '1997-01-01'),
(1419, 'P1539', '1997-01-01'),
(1420, 'Q6048', '1997-01-02'),
(1421, 'E1214', '1997-01-02'),
(1422, 'J5331', '1997-01-02'),
(1423, 'K4830', '1997-01-02'),
(1424, 'L4661', '1997-01-04'),
(1425, 'K0239', '1997-01-05'),
(1426, 'M4778', '1997-01-06'),
(1427, 'X5031', '1997-01-07'),
(1428, 'P0515', '1997-01-07'),
(1429, 'T1260', '1997-01-10'),
(1430, 'P1323', '1997-01-11'),
(1431, 'K7620', '1997-01-11'),
(1432, 'E0163', '1997-01-11'),
(1433, 'A4189', '1997-01-11'),
(1434, 'P7646', '1997-01-12'),
(1435, 'Y5327', '1997-01-12'),
(1436, 'U8476', '1997-01-12'),
(1437, 'I8268', '1997-01-12'),
(1438, 'K7620', '1997-01-13'),
(1439, 'A5654', '1997-01-14'),
(1440, 'P0887', '1997-01-14'),
(1441, 'D4797', '1997-01-15'),
(1442, 'N4533', '1997-01-17'),
(1443, 'B8519', '1997-01-19'),
(1444, 'J5245', '1997-01-19'),
(1445, 'P0887', '1997-01-20'),
(1446, 'L9381', '1997-01-20'),
(1447, 'G9033', '1997-01-20'),
(1448, 'R9222', '1997-01-20'),
(1449, 'R3407', '1997-01-21'),
(1450, 'K0691', '1997-01-21'),
(1451, 'K0239', '1997-01-21'),
(1452, 'I9163', '1997-01-21'),
(1453, 'P1539', '1997-01-22'),
(1454, 'G6697', '1997-01-22'),
(1455, 'C0724', '1997-01-22'),
(1456, 'B3629', '1997-01-22'),
(1457, 'T1260', '1997-01-23'),
(1458, 'Z8611', '1997-01-24'),
(1459, 'Q3640', '1997-01-24'),
(1460, 'L4661', '1997-01-24'),
(1461, 'Z9225', '1997-01-25'),
(1462, 'T3948', '1997-01-25'),
(1463, 'M4457', '1997-01-25'),
(1464, 'O7588', '1997-01-26'),
(1465, 'X5962', '1997-01-26'),
(1466, 'G9484', '1997-01-27'),
(1467, 'P4064', '1997-01-28'),
(1468, 'M5477', '1997-01-29'),
(1469, 'K0691', '1997-01-29'),
(1470, 'Y5327', '1997-01-29'),
(1471, 'Q6048', '1997-01-29'),
(1472, 'W1012', '1997-01-30'),
(1473, 'Y2347', '1997-01-30'),
(1474, 'L8096', '1997-01-30'),
(1475, 'I8268', '1997-01-31'),
(1476, 'N4533', '1997-02-01'),
(1477, 'E0163', '1997-02-01'),
(1478, 'E0322', '1997-02-01'),
(1479, 'D4797', '1997-02-02'),
(1480, 'H2186', '1997-02-02'),
(1481, 'R9222', '1997-02-02'),
(1482, 'J5331', '1997-02-02'),
(1483, 'W1012', '1997-02-03'),
(1484, 'Z1284', '1997-02-05'),
(1485, 'B1540', '1997-02-05'),
(1486, 'Q3640', '1997-02-06'),
(1487, 'P7646', '1997-02-07'),
(1488, 'E1214', '1997-02-07'),
(1489, 'Z9225', '1997-02-08'),
(1490, 'J5245', '1997-02-08'),
(1491, 'A4189', '1997-02-09'),
(1492, 'F2672', '1997-02-09'),
(1493, 'G6697', '1997-02-09'),
(1494, 'V4250', '1997-02-09'),
(1495, 'M5477', '1997-02-11'),
(1496, 'K4830', '1997-02-11'),
(1497, 'K7620', '1997-02-11'),
(1498, 'K0239', '1997-02-12'),
(1499, 'E2210', '1997-02-13'),
(1500, 'Y4492', '1997-02-13'),
(1501, 'P9537', '1997-02-13'),
(1502, 'C0330', '1997-02-14'),
(1503, 'N4533', '1997-02-15'),
(1504, 'P4638', '1997-02-15'),
(1505, 'Y2347', '1997-02-16'),
(1506, 'D4797', '1997-02-16'),
(1507, 'S4488', '1997-02-16'),
(1508, 'E6984', '1997-02-17'),
(1509, 'Z9225', '1997-02-17'),
(1510, 'G5743', '1997-02-17'),
(1511, 'Y0176', '1997-02-17'),
(1512, 'W6333', '1997-02-18'),
(1513, 'F2672', '1997-02-18'),
(1514, 'W5762', '1997-02-18'),
(1515, 'V4250', '1997-02-20'),
(1516, 'Z8611', '1997-02-20'),
(1517, 'S4488', '1997-02-20'),
(1518, 'G0025', '1997-02-20'),
(1519, 'R5377', '1997-02-21'),
(1520, 'C0330', '1997-02-22'),
(1521, 'Z0375', '1997-02-22'),
(1522, 'B1540', '1997-02-23'),
(1523, 'W1012', '1997-02-23'),
(1524, 'Z8611', '1997-02-23'),
(1525, 'K0776', '1997-02-24'),
(1526, 'Z1284', '1997-02-25'),
(1527, 'K0691', '1997-02-25'),
(1528, 'F2672', '1997-02-25'),
(1529, 'H6283', '1997-02-26'),
(1530, 'Y4492', '1997-02-27'),
(1531, 'C0724', '1997-02-27'),
(1532, 'O6176', '1997-02-28'),
(1533, 'B1540', '1997-02-28'),
(1534, 'R5377', '1997-03-01'),
(1535, 'V4250', '1997-03-01'),
(1536, 'I8268', '1997-03-05'),
(1537, 'O8518', '1997-03-05'),
(1538, 'P0515', '1997-03-05'),
(1539, 'D4797', '1997-03-05'),
(1540, 'L4661', '1997-03-06'),
(1541, 'G5743', '1997-03-06'),
(1542, 'I8269', '1997-03-08'),
(1543, 'J5331', '1997-03-09'),
(1544, 'Y2347', '1997-03-10'),
(1545, 'G0920', '1997-03-10'),
(1546, 'O6176', '1997-03-11'),
(1547, 'H2186', '1997-03-11'),
(1548, 'Y5327', '1997-03-12'),
(1549, 'X5031', '1997-03-12'),
(1550, 'G9484', '1997-03-12'),
(1551, 'Y2974', '1997-03-12'),
(1552, 'U1243', '1997-03-13'),
(1553, 'G9033', '1997-03-13'),
(1554, 'Q0419', '1997-03-14'),
(1555, 'I2192', '1997-03-14'),
(1556, 'G9484', '1997-03-14'),
(1557, 'R9222', '1997-03-14'),
(1558, 'S4488', '1997-03-15'),
(1559, 'P0887', '1997-03-15'),
(1560, 'Z9225', '1997-03-15'),
(1561, 'Q6048', '1997-03-16'),
(1562, 'Z1391', '1997-03-16'),
(1563, 'H6283', '1997-03-16'),
(1564, 'K0776', '1997-03-17'),
(1565, 'J5331', '1997-03-17'),
(1566, 'O7588', '1997-03-17'),
(1567, 'Q0419', '1997-03-19'),
(1568, 'R5377', '1997-03-19'),
(1569, 'Y4492', '1997-03-20'),
(1570, 'A4189', '1997-03-20');

--
-- 已傾印資料表的索引
--

--
-- 資料表索引 `客戶`
--
ALTER TABLE `客戶`
  ADD PRIMARY KEY (`客戶編號`);

--
-- 資料表索引 `產品`
--
ALTER TABLE `產品`
  ADD PRIMARY KEY (`編號`);

--
-- 資料表索引 `細目列項`
--
ALTER TABLE `細目列項`
  ADD PRIMARY KEY (`編號`),
  ADD KEY `訂單編號` (`訂單編號`),
  ADD KEY `細目列項_ibfk_2` (`產品編號`);

--
-- 資料表索引 `訂單`
--
ALTER TABLE `訂單`
  ADD PRIMARY KEY (`訂單號碼`),
  ADD KEY `客戶編號` (`客戶編號`);

--
-- 在傾印的資料表使用自動遞增(AUTO_INCREMENT)
--

--
-- 使用資料表自動遞增(AUTO_INCREMENT) `產品`
--
ALTER TABLE `產品`
  MODIFY `編號` int(2) NOT NULL AUTO_INCREMENT, AUTO_INCREMENT=46;

--
-- 使用資料表自動遞增(AUTO_INCREMENT) `細目列項`
--
ALTER TABLE `細目列項`
  MODIFY `編號` int(4) NOT NULL AUTO_INCREMENT, AUTO_INCREMENT=3045;

--
-- 使用資料表自動遞增(AUTO_INCREMENT) `訂單`
--
ALTER TABLE `訂單`
  MODIFY `訂單號碼` int(4) NOT NULL AUTO_INCREMENT, AUTO_INCREMENT=1571;

--
-- 已傾印資料表的限制式
--

--
-- 資料表的限制式 `細目列項`
--
ALTER TABLE `細目列項`
  ADD CONSTRAINT `細目列項_ibfk_1` FOREIGN KEY (`訂單編號`) REFERENCES `訂單` (`訂單號碼`) ON DELETE CASCADE ON UPDATE CASCADE,
  ADD CONSTRAINT `細目列項_ibfk_2` FOREIGN KEY (`產品編號`) REFERENCES `產品` (`編號`) ON DELETE CASCADE ON UPDATE CASCADE;

--
-- 資料表的限制式 `訂單`
--
ALTER TABLE `訂單`
  ADD CONSTRAINT `訂單_ibfk_1` FOREIGN KEY (`客戶編號`) REFERENCES `客戶` (`客戶編號`) ON DELETE CASCADE ON UPDATE CASCADE;
COMMIT;

/*!40101 SET CHARACTER_SET_CLIENT=@OLD_CHARACTER_SET_CLIENT */;
/*!40101 SET CHARACTER_SET_RESULTS=@OLD_CHARACTER_SET_RESULTS */;
/*!40101 SET COLLATION_CONNECTION=@OLD_COLLATION_CONNECTION */;
